[
  {
    "amp_code": 1,
    "name_th": "พระนคร",
    "name_en": "Phra Nakhon"
  },
  {
    "amp_code": 1,
    "name_th": "เมืองสุรินทร์",
    "name_en": "Mueang Surin"
  },
  {
    "amp_code": 1,
    "name_th": "เมืองกาญจนบุรี",
    "name_en": "Mueang Kanchanaburi"
  },
  {
    "amp_code": 1,
    "name_th": "เมืองสุพรรณบุรี",
    "name_en": "Mueang Saphan Buri"
  },
  {
    "amp_code": 1,
    "name_th": "เมืองบุรีรัมย์",
    "name_en": "Mueang Burirum"
  },
  {
    "amp_code": 1,
    "name_th": "เมืองนครปฐม",
    "name_en": "Mueang Nakhon Prathom"
  },
  {
    "amp_code": 1,
    "name_th": "เมืองสมุทรสาคร",
    "name_en": "Mueang Samut Sakhon"
  },
  {
    "amp_code": 1,
    "name_th": "เมืองสมุทรสงคราม",
    "name_en": "Mueang Samut Songkham"
  },
  {
    "amp_code": 1,
    "name_th": "เมืองเพชรบุรี",
    "name_en": "Mueang Phetchaburi"
  },
  {
    "amp_code": 1,
    "name_th": "เมืองประจวบคีรีขันธ์",
    "name_en": "Mueang Prachuap Khilikhan"
  },
  {
    "amp_code": 1,
    "name_th": "เมืองนครราชสีมา",
    "name_en": "Mueang Nakhon Ratchasima"
  },
  {
    "amp_code": 1,
    "name_th": "เมืองนครศรีธรรมราช",
    "name_en": "Mueang Nakhon Si Thammarat"
  },
  {
    "amp_code": 1,
    "name_th": "เมืองสระแก้ว",
    "name_en": "Mueang Srakaeo"
  },
  {
    "amp_code": 1,
    "name_th": "เมืองนครนายก",
    "name_en": "Mueang Nakhon Nayok"
  },
  {
    "amp_code": 1,
    "name_th": "เมืองปราจีนบุรี",
    "name_en": "Mueang Prachinburi"
  },
  {
    "amp_code": 1,
    "name_th": "เมืองราชบุรี",
    "name_en": "Mueang Ratchaburi"
  },
  {
    "amp_code": 1,
    "name_th": "เมืองกระบี่",
    "name_en": "Mueang Krabi"
  },
  {
    "amp_code": 1,
    "name_th": "เมืองตราด",
    "name_en": "Mueang Trat"
  },
  {
    "amp_code": 1,
    "name_th": "เมืองพังงา",
    "name_en": "Mueang Phang Nga"
  },
  {
    "amp_code": 1,
    "name_th": "เมืองจันทบุรี",
    "name_en": "Mueang Chanthaburi"
  },
  {
    "amp_code": 1,
    "name_th": "เมืองระยอง",
    "name_en": "Mueang Rayong"
  },
  {
    "amp_code": 1,
    "name_th": "เมืองภูเก็ต",
    "name_en": "Mueang Phuket"
  },
  {
    "amp_code": 1,
    "name_th": "เมืองชลบุรี",
    "name_en": "Mueang Chonburi"
  },
  {
    "amp_code": 1,
    "name_th": "เมืองสุราษฎร์ธานี",
    "name_en": "Mueang Surat Thani"
  },
  {
    "amp_code": 1,
    "name_th": "เมืองสระบุรี",
    "name_en": "Mueang Saraburi"
  },
  {
    "amp_code": 1,
    "name_th": "เมืองชัยนาท",
    "name_en": "Mueang Chainat"
  },
  {
    "amp_code": 1,
    "name_th": "เมืองสิงห์บุรี",
    "name_en": "Mueang Singburi"
  },
  {
    "amp_code": 1,
    "name_th": "เมืองระนอง",
    "name_en": "Mueang Ranong"
  },
  {
    "amp_code": 1,
    "name_th": "เมืองลพบุรี",
    "name_en": "Mueang Lopburi"
  },
  {
    "amp_code": 1,
    "name_th": "เมืองชุมพร",
    "name_en": "Mueang Chumphon"
  },
  {
    "amp_code": 1,
    "name_th": "เมืองอ่างทอง",
    "name_en": "Mueang Ang Thong"
  },
  {
    "amp_code": 1,
    "name_th": "เมืองฉะเชิงเทรา",
    "name_en": "Mueang Chachoengsao"
  },
  {
    "amp_code": 1,
    "name_th": "เมืองสงขลา",
    "name_en": "Mueang Songkhla"
  },
  {
    "amp_code": 1,
    "name_th": "เมืองเพชรบูรณ์",
    "name_en": "Mueang Phetchabun"
  },
  {
    "amp_code": 1,
    "name_th": "เมืองพิจิตร",
    "name_en": "Mueang Phichit"
  },
  {
    "amp_code": 1,
    "name_th": "เมืองนครพนม",
    "name_en": "Mueang Nakhon Phanom"
  },
  {
    "amp_code": 1,
    "name_th": "เมืองกาฬสินธุ์",
    "name_en": "Mueang Kalasin"
  },
  {
    "amp_code": 1,
    "name_th": "เมืองมุกดาหาร",
    "name_en": "Mueang Mukdahan"
  },
  {
    "amp_code": 1,
    "name_th": "เมืองเชียงใหม่",
    "name_en": "Mueang Chiang Mai"
  },
  {
    "amp_code": 1,
    "name_th": "เมืองร้อยเอ็ด",
    "name_en": "Mueang Roi Et"
  },
  {
    "amp_code": 1,
    "name_th": "เมืองลำพูน",
    "name_en": "Mueang Lamphun"
  },
  {
    "amp_code": 1,
    "name_th": "เมืองมหาสารคาม",
    "name_en": "Mueang Mahasarakham"
  },
  {
    "amp_code": 1,
    "name_th": "เมืองลำปาง",
    "name_en": "Mueang Lampang"
  },
  {
    "amp_code": 1,
    "name_th": "เมืองหนองคาย",
    "name_en": "Mueang Nong Khai"
  },
  {
    "amp_code": 1,
    "name_th": "เมืองอุตรดิตถ์",
    "name_en": "Mueang Auttaradit"
  },
  {
    "amp_code": 1,
    "name_th": "เมืองเลย",
    "name_en": "Mueang Loei"
  },
  {
    "amp_code": 1,
    "name_th": "เมืองแพร่",
    "name_en": "Mueang phrae"
  },
  {
    "amp_code": 1,
    "name_th": "เมืองน่าน",
    "name_en": "Mueang Nan"
  },
  {
    "amp_code": 1,
    "name_th": "เมืองอุดรธานี",
    "name_en": "Mueang Udon Thani"
  },
  {
    "amp_code": 1,
    "name_th": "เมืองศรีสะเกษ",
    "name_en": "Mueang Sisaket"
  },
  {
    "amp_code": 1,
    "name_th": "เมืองพะเยา",
    "name_en": "Mueang Phayao"
  },
  {
    "amp_code": 1,
    "name_th": "เมืองแม่ฮ่องสอน",
    "name_en": "Mueang Mae Hong Son"
  },
  {
    "amp_code": 1,
    "name_th": "เมืองขอนแก่น",
    "name_en": "Mueang Khon kaen"
  },
  {
    "amp_code": 1,
    "name_th": "เมืองหนองบัวลำภู",
    "name_en": "Mueang Nong Bua Lamphu"
  },
  {
    "amp_code": 1,
    "name_th": "เมืองบึงกาฬ",
    "name_en": "Mueang Bung Kan"
  },
  {
    "amp_code": 1,
    "name_th": "เมืองอำนาจเจริญ",
    "name_en": "Mueang Amnaj Charoen"
  },
  {
    "amp_code": 1,
    "name_th": "เมืองนครสวรรค์",
    "name_en": "Mueang Nakhon Sawan"
  },
  {
    "amp_code": 1,
    "name_th": "เมืองอุทัยธานี",
    "name_en": "Mueang Uthai Thani"
  },
  {
    "amp_code": 1,
    "name_th": "เมืองชัยภูมิ",
    "name_en": "Mueang Chaiyaphum"
  },
  {
    "amp_code": 1,
    "name_th": "เมืองยโสธร",
    "name_en": "Mueang Yasothon"
  },
  {
    "amp_code": 1,
    "name_th": "เมืองกำแพงเพชร",
    "name_en": "Mueang Kampaeng Phet"
  },
  {
    "amp_code": 1,
    "name_th": "เมืองตาก",
    "name_en": "Mueang Tak"
  },
  {
    "amp_code": 1,
    "name_th": "เมืองสุโขทัย",
    "name_en": "Mueang Sukhothai"
  },
  {
    "amp_code": 1,
    "name_th": "เมืองอุบลราชธานี",
    "name_en": "Mueang Ubon Ratchathani"
  },
  {
    "amp_code": 1,
    "name_th": "เมืองพิษณุโลก",
    "name_en": "Mueang Phitsanu Lok"
  },
  {
    "amp_code": 1,
    "name_th": "เมืองเชียงราย",
    "name_en": "Mueang Chiang Rai"
  },
  {
    "amp_code": 1,
    "name_th": "พระนครศรีอยุธยา",
    "name_en": "Phra Nakhon Si Ayudhya"
  },
  {
    "amp_code": 1,
    "name_th": "เมืองสกลนคร",
    "name_en": "Mueang Sakon Nakhon"
  },
  {
    "amp_code": 1,
    "name_th": "เมืองตรัง",
    "name_en": "Mueang Trang"
  },
  {
    "amp_code": 1,
    "name_th": "เมืองนนทบุรี",
    "name_en": "Mueang Nontaburi"
  },
  {
    "amp_code": 1,
    "name_th": "เมืองพัทลุง",
    "name_en": "Mueang Phatthalung"
  },
  {
    "amp_code": 1,
    "name_th": "เมืองปัตตานี",
    "name_en": "Mueang Pattani"
  },
  {
    "amp_code": 1,
    "name_th": "เมืองยะลา",
    "name_en": "Mueang Yala"
  },
  {
    "amp_code": 1,
    "name_th": "เมืองนราธิวาส",
    "name_en": "Mueang Narathiwat"
  },
  {
    "amp_code": 1,
    "name_th": "เมืองสตูล",
    "name_en": "Mueang Satun"
  },
  {
    "amp_code": 1,
    "name_th": "เมืองสมุทรปราการ",
    "name_en": "Mueang Samut prakarn"
  },
  {
    "amp_code": 1,
    "name_th": "เมืองปทุมธานี",
    "name_en": "Mueang Pathum Thani"
  },
  {
    "amp_code": 2,
    "name_th": "คลองหาด",
    "name_en": "Khlong Hat"
  },
  {
    "amp_code": 2,
    "name_th": "พรหมคีรี",
    "name_en": "Phrom Khili"
  },
  {
    "amp_code": 2,
    "name_th": "นาด้วง",
    "name_en": "Naduang"
  },
  {
    "amp_code": 2,
    "name_th": "ตากใบ",
    "name_en": "Tak Bai"
  },
  {
    "amp_code": 2,
    "name_th": "ร้องกวาง",
    "name_en": "Rong Kwang"
  },
  {
    "amp_code": 2,
    "name_th": "เขาย้อย",
    "name_en": "Khao Yoi"
  },
  {
    "amp_code": 2,
    "name_th": "บางคนที",
    "name_en": "Bang Khonthi"
  },
  {
    "amp_code": 2,
    "name_th": "แม่จริม",
    "name_en": "Mae Charim"
  },
  {
    "amp_code": 2,
    "name_th": "กุยบุรี",
    "name_en": "Kui Buri"
  },
  {
    "amp_code": 2,
    "name_th": "ควนโดน",
    "name_en": "Khuandon"
  },
  {
    "amp_code": 2,
    "name_th": "เดิมบางนางบวช",
    "name_en": "Doem Bang Nang Buat"
  },
  {
    "amp_code": 2,
    "name_th": "กระทุ่มแบน",
    "name_en": "Krathumbaen"
  },
  {
    "amp_code": 2,
    "name_th": "กบินทร์บุรี",
    "name_en": "Kabinburi"
  },
  {
    "amp_code": 2,
    "name_th": "ท่าบ่อ",
    "name_en": "Tha Bo"
  },
  {
    "amp_code": 2,
    "name_th": "เขาพนม",
    "name_en": "Khao Phanom"
  },
  {
    "amp_code": 2,
    "name_th": "บางคล้า",
    "name_en": "Bang Khla"
  },
  {
    "amp_code": 2,
    "name_th": "แม่เมาะ",
    "name_en": "Mae Mo"
  },
  {
    "amp_code": 2,
    "name_th": "คลองใหญ่",
    "name_en": "Khlong Yai"
  },
  {
    "amp_code": 2,
    "name_th": "บางบ่อ",
    "name_en": "Bang Bo"
  },
  {
    "amp_code": 2,
    "name_th": "แกดำ",
    "name_en": "Kae Dum"
  },
  {
    "amp_code": 2,
    "name_th": "ขลุง",
    "name_en": "Khlung"
  },
  {
    "amp_code": 2,
    "name_th": "เกาะยาว",
    "name_en": "Ko Yao"
  },
  {
    "amp_code": 2,
    "name_th": "บ้านฉาง",
    "name_en": "BanChang"
  },
  {
    "amp_code": 2,
    "name_th": "ปากพลี",
    "name_en": "Pakphli"
  },
  {
    "amp_code": 2,
    "name_th": "ตรอน",
    "name_en": "Tron"
  },
  {
    "amp_code": 2,
    "name_th": "คูเมือง",
    "name_en": "Khu Muang"
  },
  {
    "amp_code": 2,
    "name_th": "กันตัง",
    "name_en": "Kantang"
  },
  {
    "amp_code": 2,
    "name_th": "บ้านเขว้า",
    "name_en": "Ban Khwao"
  },
  {
    "amp_code": 2,
    "name_th": "ทัพทัน",
    "name_en": "Thap Than"
  },
  {
    "amp_code": 2,
    "name_th": "ทรายมูล",
    "name_en": "Saimun"
  },
  {
    "amp_code": 2,
    "name_th": "โคกโพธิ์",
    "name_en": "Khok Pho"
  },
  {
    "amp_code": 2,
    "name_th": "ไทรงาม",
    "name_en": "Sai Ngam"
  },
  {
    "amp_code": 2,
    "name_th": "โกรกพระ",
    "name_en": "Krok Phra"
  },
  {
    "amp_code": 2,
    "name_th": "ชานุมาน",
    "name_en": "Chanuman"
  },
  {
    "amp_code": 2,
    "name_th": "บ้านตาก",
    "name_en": "Ban Tak"
  },
  {
    "amp_code": 2,
    "name_th": "พรเจริญ",
    "name_en": "Phon Chareon"
  },
  {
    "amp_code": 2,
    "name_th": "บ้านด่านลานหอย",
    "name_en": "Bandan Lanhoi"
  },
  {
    "amp_code": 2,
    "name_th": "ศรีเมืองใหม่",
    "name_en": "Si Muang Mai"
  },
  {
    "amp_code": 2,
    "name_th": "นครไทย",
    "name_en": "Nakhon Thai"
  },
  {
    "amp_code": 2,
    "name_th": "นากลาง",
    "name_en": "Na Klang"
  },
  {
    "amp_code": 2,
    "name_th": "กำแพงแสน",
    "name_en": "Kam Paeng Saen"
  },
  {
    "amp_code": 2,
    "name_th": "วังทรายพูน",
    "name_en": "Wang Sai Phun"
  },
  {
    "amp_code": 2,
    "name_th": "บ้านฝาง",
    "name_en": "Ban Fang"
  },
  {
    "amp_code": 2,
    "name_th": "ยางชุมน้อย",
    "name_en": "Yang Chumnoi"
  },
  {
    "amp_code": 2,
    "name_th": "กงหรา",
    "name_en": "Kong Ra"
  },
  {
    "amp_code": 2,
    "name_th": "ชนแดน",
    "name_en": "Chondaen"
  },
  {
    "amp_code": 2,
    "name_th": "ขุนยวม",
    "name_en": "Khun Yuam"
  },
  {
    "amp_code": 2,
    "name_th": "จอมบึง",
    "name_en": "Chom Bung"
  },
  {
    "amp_code": 2,
    "name_th": "ชุมพลบุรี",
    "name_en": "Chumphon Buri"
  },
  {
    "amp_code": 2,
    "name_th": "เวียงชัย",
    "name_en": "Wiang Chai"
  },
  {
    "amp_code": 2,
    "name_th": "ไทรโยค",
    "name_en": "Sai Yok"
  },
  {
    "amp_code": 2,
    "name_th": "จุน",
    "name_en": "Chun"
  },
  {
    "amp_code": 2,
    "name_th": "กุสุมาลย์",
    "name_en": "Kusuman"
  },
  {
    "amp_code": 2,
    "name_th": "กุดจับ",
    "name_en": "Kutchap"
  },
  {
    "amp_code": 2,
    "name_th": "แม่ทา",
    "name_en": "Mae Tha"
  },
  {
    "amp_code": 2,
    "name_th": "เบตง",
    "name_en": "Be Tong"
  },
  {
    "amp_code": 2,
    "name_th": "เกษตรวิสัย",
    "name_en": "Kaset Wisai"
  },
  {
    "amp_code": 2,
    "name_th": "ครบุรี",
    "name_en": "Khonburi"
  },
  {
    "amp_code": 2,
    "name_th": "ท่าแซะ",
    "name_en": "Tha Sae"
  },
  {
    "amp_code": 2,
    "name_th": "นิคมคำสร้อย",
    "name_en": "Nikhom Khamsoi"
  },
  {
    "amp_code": 2,
    "name_th": "มโนรมย์",
    "name_en": "Manorom"
  },
  {
    "amp_code": 2,
    "name_th": "แก่งคอย",
    "name_en": "Kengkoi"
  },
  {
    "amp_code": 2,
    "name_th": "กาญจนดิษฐ์",
    "name_en": "Kanchanadit"
  },
  {
    "amp_code": 2,
    "name_th": "นามน",
    "name_en": "Namon"
  },
  {
    "amp_code": 2,
    "name_th": "กะทู้",
    "name_en": "Krathu"
  },
  {
    "amp_code": 2,
    "name_th": "ไชโย",
    "name_en": "Chai Yo"
  },
  {
    "amp_code": 2,
    "name_th": "ละอุ่น",
    "name_en": "La Un"
  },
  {
    "amp_code": 2,
    "name_th": "ท่าเรือ",
    "name_en": "Tharua"
  },
  {
    "amp_code": 2,
    "name_th": "บ้านบึง",
    "name_en": "Ban Bung"
  },
  {
    "amp_code": 2,
    "name_th": "ดุสิต",
    "name_en": "Dusit"
  },
  {
    "amp_code": 2,
    "name_th": "คลองหลวง",
    "name_en": "khlong Luang"
  },
  {
    "amp_code": 2,
    "name_th": "พัฒนานิคม",
    "name_en": "Phatthana Nikom"
  },
  {
    "amp_code": 2,
    "name_th": "สทิงพระ",
    "name_en": "Sathing Phra"
  },
  {
    "amp_code": 2,
    "name_th": "ปลาปาก",
    "name_en": "Pla Pak"
  },
  {
    "amp_code": 2,
    "name_th": "บางระจัน",
    "name_en": "bang Rachan"
  },
  {
    "amp_code": 2,
    "name_th": "จอมทอง",
    "name_en": "Chom Thong"
  },
  {
    "amp_code": 2,
    "name_th": "บางกรวย",
    "name_en": "Bang Krui"
  },
  {
    "amp_code": 3,
    "name_th": "เขาชัยสน",
    "name_en": "Khao Chai Son"
  },
  {
    "amp_code": 3,
    "name_th": "หนองหญ้าปล้อง",
    "name_en": "Nong Ya Plong"
  },
  {
    "amp_code": 3,
    "name_th": "โนนสัง",
    "name_en": "Non Sang"
  },
  {
    "amp_code": 3,
    "name_th": "กระสัง",
    "name_en": "Krasang"
  },
  {
    "amp_code": 3,
    "name_th": "ลอง",
    "name_en": "Long"
  },
  {
    "amp_code": 3,
    "name_th": "อัมพวา",
    "name_en": "Amphawa"
  },
  {
    "amp_code": 3,
    "name_th": "ชาติตระการ",
    "name_en": "Chattakan"
  },
  {
    "amp_code": 3,
    "name_th": "วัดสิงห์",
    "name_en": "Watsing"
  },
  {
    "amp_code": 3,
    "name_th": "เชียงคาน",
    "name_en": "Chiang Khan"
  },
  {
    "amp_code": 3,
    "name_th": "ท่าอุเทน",
    "name_en": "Tha Uthen"
  },
  {
    "amp_code": 3,
    "name_th": "เสิงสาง",
    "name_en": "Soeng Sang"
  },
  {
    "amp_code": 3,
    "name_th": "คอนสวรรค์",
    "name_en": "Khon Sawan"
  },
  {
    "amp_code": 3,
    "name_th": "โขงเจียม",
    "name_en": "Khong Chiam"
  },
  {
    "amp_code": 3,
    "name_th": "ปะทิว",
    "name_en": "Pathiu"
  },
  {
    "amp_code": 3,
    "name_th": "ทับสะแก",
    "name_en": "Thap Sakae"
  },
  {
    "amp_code": 3,
    "name_th": "ธัญบุรี",
    "name_en": "Thanyaburi"
  },
  {
    "amp_code": 3,
    "name_th": "บ้านแพ้ว",
    "name_en": "Ban Paeo"
  },
  {
    "amp_code": 3,
    "name_th": "โคกสำโรง",
    "name_en": "Kok Sumrong"
  },
  {
    "amp_code": 3,
    "name_th": "เชียงของ",
    "name_en": "Chiang Khong"
  },
  {
    "amp_code": 3,
    "name_th": "สวนผึ้ง",
    "name_en": "Suan Phung"
  },
  {
    "amp_code": 3,
    "name_th": "ปาย",
    "name_en": "Phai"
  },
  {
    "amp_code": 3,
    "name_th": "บ่อพลอย",
    "name_en": "Bo Phoi"
  },
  {
    "amp_code": 3,
    "name_th": "เชียงคำ",
    "name_en": "Chiang Kham"
  },
  {
    "amp_code": 3,
    "name_th": "กมลาไสย",
    "name_en": "Kamalasai"
  },
  {
    "amp_code": 3,
    "name_th": "หล่มสัก",
    "name_en": "Lhomsak"
  },
  {
    "amp_code": 3,
    "name_th": "ด่านช้าง",
    "name_en": "Dan Chang"
  },
  {
    "amp_code": 3,
    "name_th": "ค่ายบางระจัน",
    "name_en": "Khai Bang Rachan"
  },
  {
    "amp_code": 3,
    "name_th": "ป่าโมก",
    "name_en": "Pa Mok"
  },
  {
    "amp_code": 3,
    "name_th": "กันทรารมย์",
    "name_en": "Kanthararom"
  },
  {
    "amp_code": 3,
    "name_th": "พระยืน",
    "name_en": "Phra Yun"
  },
  {
    "amp_code": 3,
    "name_th": "กะเปอร์",
    "name_en": "Kapoe"
  },
  {
    "amp_code": 3,
    "name_th": "ย่านตาขาว",
    "name_en": "Yan Takhao"
  },
  {
    "amp_code": 3,
    "name_th": "หนองจอก",
    "name_en": "Nong Chok"
  },
  {
    "amp_code": 3,
    "name_th": "นครชัยศรี",
    "name_en": "Nakhon Chai Si"
  },
  {
    "amp_code": 3,
    "name_th": "ท่าตูม",
    "name_en": "Thatum"
  },
  {
    "amp_code": 3,
    "name_th": "บ้านหลวง",
    "name_en": "Ban Luang"
  },
  {
    "amp_code": 3,
    "name_th": "โพธิ์ประทับช้าง",
    "name_en": "Pho Prathap Chang"
  },
  {
    "amp_code": 3,
    "name_th": "หนองวัวซอ",
    "name_en": "Nong Wua So"
  },
  {
    "amp_code": 3,
    "name_th": "ดอนตาล",
    "name_en": "Dontan"
  },
  {
    "amp_code": 3,
    "name_th": "ควนกาหลง",
    "name_en": "Khuan Kalong"
  },
  {
    "amp_code": 3,
    "name_th": "คลองลาน",
    "name_en": "Khlong Lan"
  },
  {
    "amp_code": 3,
    "name_th": "แม่แจ่ม",
    "name_en": "Mae Chaem"
  },
  {
    "amp_code": 3,
    "name_th": "ชุมแสง",
    "name_en": "Chum Saeng"
  },
  {
    "amp_code": 3,
    "name_th": "เกาะคา",
    "name_en": "Ko Kha"
  },
  {
    "amp_code": 3,
    "name_th": "เขาสมิง",
    "name_en": "Khoa Saming"
  },
  {
    "amp_code": 3,
    "name_th": "ดอนสัก",
    "name_en": "Donsak"
  },
  {
    "amp_code": 3,
    "name_th": "โกสุมพิสัย",
    "name_en": "Kosum Phisai"
  },
  {
    "amp_code": 3,
    "name_th": "บางพลี",
    "name_en": "Bang Phi"
  },
  {
    "amp_code": 3,
    "name_th": "นครหลวง",
    "name_en": "Nakhon Luang"
  },
  {
    "amp_code": 3,
    "name_th": "กุดชุม",
    "name_en": "Kutchom"
  },
  {
    "amp_code": 3,
    "name_th": "ท่าใหม่",
    "name_en": "Thamai"
  },
  {
    "amp_code": 3,
    "name_th": "ถลาง",
    "name_en": "Tha Lang"
  },
  {
    "amp_code": 3,
    "name_th": "กะปง",
    "name_en": "Kapong"
  },
  {
    "amp_code": 3,
    "name_th": "สว่างอารมณ์",
    "name_en": "Sawang Arom"
  },
  {
    "amp_code": 3,
    "name_th": "แกลง",
    "name_en": "Klang"
  },
  {
    "amp_code": 3,
    "name_th": "บ้านโฮ่ง",
    "name_en": "Ban Hong"
  },
  {
    "amp_code": 3,
    "name_th": "หนองใหญ่",
    "name_en": "Nong Yai"
  },
  {
    "amp_code": 3,
    "name_th": "หนองจิก",
    "name_en": "Nong Chik"
  },
  {
    "amp_code": 3,
    "name_th": "กุดบาก",
    "name_en": "Kutbak"
  },
  {
    "amp_code": 3,
    "name_th": "ปทุมรัตต์",
    "name_en": "Pathumrat"
  },
  {
    "amp_code": 3,
    "name_th": "บางน้ำเปรี้ยว",
    "name_en": "Bang Nam Pieo"
  },
  {
    "amp_code": 3,
    "name_th": "จะนะ",
    "name_en": "Chana"
  },
  {
    "amp_code": 3,
    "name_th": "บันนังสตา",
    "name_en": "Ban Nang Sata"
  },
  {
    "amp_code": 3,
    "name_th": "ลานสกา",
    "name_en": "Lan Saka"
  },
  {
    "amp_code": 3,
    "name_th": "เกาะลันตา",
    "name_en": "Ko Lanta"
  },
  {
    "amp_code": 3,
    "name_th": "ท่าปลา",
    "name_en": "Thapa"
  },
  {
    "amp_code": 3,
    "name_th": "นาดี",
    "name_en": "Nadi"
  },
  {
    "amp_code": 3,
    "name_th": "บ้านนา",
    "name_en": "Banna"
  },
  {
    "amp_code": 3,
    "name_th": "บางใหญ่",
    "name_en": "Bang Yai"
  },
  {
    "amp_code": 3,
    "name_th": "บาเจาะ",
    "name_en": "Ba Cho"
  },
  {
    "amp_code": 3,
    "name_th": "หนองแค",
    "name_en": "NongKhae"
  },
  {
    "amp_code": 3,
    "name_th": "ปทุมราชวงศา",
    "name_en": "Pathum Ratwongsa"
  },
  {
    "amp_code": 3,
    "name_th": "ตาพระยา",
    "name_en": "Taphaya"
  },
  {
    "amp_code": 3,
    "name_th": "สามเงา",
    "name_en": "Samngao"
  },
  {
    "amp_code": 3,
    "name_th": "โซ่พิสัย",
    "name_en": "So Phisai"
  },
  {
    "amp_code": 3,
    "name_th": "คีรีมาศ",
    "name_en": "Khiri Mat"
  },
  {
    "amp_code": 4,
    "name_th": "หนองฉาง",
    "name_en": "Nong Chang"
  },
  {
    "amp_code": 4,
    "name_th": "กงไกรลาศ",
    "name_en": "Kong Kai Lat"
  },
  {
    "amp_code": 4,
    "name_th": "หนองเสือ",
    "name_en": "Nong Sua"
  },
  {
    "amp_code": 4,
    "name_th": "ดำเนินสะดวก",
    "name_en": "Dam Noen Saduak"
  },
  {
    "amp_code": 4,
    "name_th": "แม่สะเรียง",
    "name_en": "Mae Sariang"
  },
  {
    "amp_code": 4,
    "name_th": "หล่มเก่า",
    "name_en": "Lhomkao"
  },
  {
    "amp_code": 4,
    "name_th": "ตะโหมด",
    "name_en": "Ta Mot"
  },
  {
    "amp_code": 4,
    "name_th": "ปะนาเระ",
    "name_en": "Panare"
  },
  {
    "amp_code": 4,
    "name_th": "คำเขื่อนแก้ว",
    "name_en": "Kham Khuan Kaeo"
  },
  {
    "amp_code": 4,
    "name_th": "นาทวี",
    "name_en": "Na Thawi"
  },
  {
    "amp_code": 4,
    "name_th": "บ้านแพง",
    "name_en": "Ban Paeng"
  },
  {
    "amp_code": 4,
    "name_th": "โพธิ์ทอง",
    "name_en": "Pho Thong"
  },
  {
    "amp_code": 4,
    "name_th": "พนา",
    "name_en": "Pana"
  },
  {
    "amp_code": 4,
    "name_th": "กันทรลักษ์",
    "name_en": "Kantharalak"
  },
  {
    "amp_code": 4,
    "name_th": "หนองเรือ",
    "name_en": "Nong Rua"
  },
  {
    "amp_code": 4,
    "name_th": "บางไทร",
    "name_en": "Bang Chai"
  },
  {
    "amp_code": 4,
    "name_th": "บางระกำ",
    "name_en": "Bang Rakam"
  },
  {
    "amp_code": 4,
    "name_th": "หนองบัว",
    "name_en": "Nongbua"
  },
  {
    "amp_code": 4,
    "name_th": "พรรณานิคม",
    "name_en": "Phannanikhom"
  },
  {
    "amp_code": 4,
    "name_th": "เขื่องใน",
    "name_en": "Khuang Nai"
  },
  {
    "amp_code": 4,
    "name_th": "ตะพานหิน",
    "name_en": "Taphan Hin"
  },
  {
    "amp_code": 4,
    "name_th": "ขาณุวรลักษบุรี",
    "name_en": "Khanu Woralaksaburi"
  },
  {
    "amp_code": 4,
    "name_th": "แม่ระมาด",
    "name_en": "Mae Ramat"
  },
  {
    "amp_code": 4,
    "name_th": "ศรีบุญเรือง",
    "name_en": "Sibunruang"
  },
  {
    "amp_code": 4,
    "name_th": "หลังสวน",
    "name_en": "Lang Suan"
  },
  {
    "amp_code": 4,
    "name_th": "เซกา",
    "name_en": "Seka"
  },
  {
    "amp_code": 4,
    "name_th": "จตุรพักตรพิมาน",
    "name_en": "Chatuphak Phiman"
  },
  {
    "amp_code": 4,
    "name_th": "จอมพระ",
    "name_en": "Chomphra"
  },
  {
    "amp_code": 4,
    "name_th": "บางสะพาน",
    "name_en": "Bang Saphan"
  },
  {
    "amp_code": 4,
    "name_th": "สรรพยา",
    "name_en": "Sanphaya"
  },
  {
    "amp_code": 4,
    "name_th": "ปากชม",
    "name_en": "Pakchom"
  },
  {
    "amp_code": 4,
    "name_th": "คง",
    "name_en": "Khong"
  },
  {
    "amp_code": 4,
    "name_th": "น้ำปาด",
    "name_en": "Nam Pat"
  },
  {
    "amp_code": 4,
    "name_th": "วังน้ำเย็น",
    "name_en": "Wang Nam Yen"
  },
  {
    "amp_code": 4,
    "name_th": "ดงหลวง",
    "name_en": "Dong Luang"
  },
  {
    "amp_code": 4,
    "name_th": "องครักษ์",
    "name_en": "Ongkhalak"
  },
  {
    "amp_code": 4,
    "name_th": "ฉวาง",
    "name_en": "Chawang"
  },
  {
    "amp_code": 4,
    "name_th": "ยี่งอ",
    "name_en": "Yi Ngo"
  },
  {
    "amp_code": 4,
    "name_th": "วิหารแดง",
    "name_en": "Wihan Daeng"
  },
  {
    "amp_code": 4,
    "name_th": "บางบัวทอง",
    "name_en": "Bang Bua Thong"
  },
  {
    "amp_code": 4,
    "name_th": "เสริมงาม",
    "name_en": "Soem Ngam"
  },
  {
    "amp_code": 4,
    "name_th": "เชียงดาว",
    "name_en": "Chiang Dao"
  },
  {
    "amp_code": 4,
    "name_th": "คลองท่อม",
    "name_en": "Khlong Thom"
  },
  {
    "amp_code": 4,
    "name_th": "เกาะสมุย",
    "name_en": "Ko Samui"
  },
  {
    "amp_code": 4,
    "name_th": "บ่อไร่",
    "name_en": "Bo Rai"
  },
  {
    "amp_code": 4,
    "name_th": "กันทรวิชัย",
    "name_en": "Kanthara Wichai"
  },
  {
    "amp_code": 4,
    "name_th": "โป่งน้ำร้อน",
    "name_en": "Pong Nam Ron"
  },
  {
    "amp_code": 4,
    "name_th": "พระประแดง",
    "name_en": "Phra Pradaeng"
  },
  {
    "amp_code": 4,
    "name_th": "ลี้",
    "name_en": "Li"
  },
  {
    "amp_code": 4,
    "name_th": "วังจันทร์",
    "name_en": "Wangjun"
  },
  {
    "amp_code": 4,
    "name_th": "ตะกั่วทุ่ง",
    "name_en": "Ta Kua Thung"
  },
  {
    "amp_code": 4,
    "name_th": "บางละมุง",
    "name_en": "Bang La Mung"
  },
  {
    "amp_code": 4,
    "name_th": "บางปะกง",
    "name_en": "Bang Pakong"
  },
  {
    "amp_code": 4,
    "name_th": "สูงเม่น",
    "name_en": "Sungmen"
  },
  {
    "amp_code": 4,
    "name_th": "ท่าแพ",
    "name_en": "Tha Phae"
  },
  {
    "amp_code": 4,
    "name_th": "บางรัก",
    "name_en": "Bang Rak"
  },
  {
    "amp_code": 4,
    "name_th": "เทิง",
    "name_en": "Thoeng"
  },
  {
    "amp_code": 4,
    "name_th": "ชัยบาดาล",
    "name_en": "Chai Badan"
  },
  {
    "amp_code": 4,
    "name_th": "ธารโต",
    "name_en": "Thran To"
  },
  {
    "amp_code": 4,
    "name_th": "ร่องคำ",
    "name_en": "Rong Kham"
  },
  {
    "amp_code": 4,
    "name_th": "ศรีสวัสดิ์",
    "name_en": "Si Sawat"
  },
  {
    "amp_code": 4,
    "name_th": "เชียงม่วน",
    "name_en": "Chiang Muan"
  },
  {
    "amp_code": 4,
    "name_th": "ปะเหลียน",
    "name_en": "Pa Lian"
  },
  {
    "amp_code": 4,
    "name_th": "บางปลาม้า",
    "name_en": "Bang Pa Ma"
  },
  {
    "amp_code": 4,
    "name_th": "กระบุรี",
    "name_en": "Kra Buri"
  },
  {
    "amp_code": 4,
    "name_th": "ชะอำ",
    "name_en": "Cha Am"
  },
  {
    "amp_code": 4,
    "name_th": "กุมภวาปี",
    "name_en": "Kumphawapi"
  },
  {
    "amp_code": 4,
    "name_th": "นางรอง",
    "name_en": "Nangrong"
  },
  {
    "amp_code": 4,
    "name_th": "เกษตรสมบูรณ์",
    "name_en": "Kaset Sombun"
  },
  {
    "amp_code": 4,
    "name_th": "ดอนตูม",
    "name_en": "Don Tum"
  },
  {
    "amp_code": 4,
    "name_th": "พรหมบุรี",
    "name_en": "Phromburi"
  },
  {
    "amp_code": 4,
    "name_th": "นาน้อย",
    "name_en": "Na Noi"
  },
  {
    "amp_code": 5,
    "name_th": "ธวัชบุรี",
    "name_en": "Thawat Buri"
  },
  {
    "amp_code": 5,
    "name_th": "เด่นชัย",
    "name_en": "Denchai"
  },
  {
    "amp_code": 5,
    "name_th": "ดอยสะเก็ด",
    "name_en": "Doi Saket"
  },
  {
    "amp_code": 5,
    "name_th": "ธาตุพนม",
    "name_en": "That Phanom"
  },
  {
    "amp_code": 5,
    "name_th": "ดอกคำใต้",
    "name_en": "Dok Kham Tai"
  },
  {
    "amp_code": 5,
    "name_th": "ทุ่งหัวช้าง",
    "name_en": "Thung Hua Chang"
  },
  {
    "amp_code": 5,
    "name_th": "บรรพตพิสัย",
    "name_en": "Banphot Phisai"
  },
  {
    "amp_code": 5,
    "name_th": "แม่ลาน้อย",
    "name_en": "Mae La Noi"
  },
  {
    "amp_code": 5,
    "name_th": "เชียงยืน",
    "name_en": "Chiang Yun"
  },
  {
    "amp_code": 5,
    "name_th": "ชุมแพ",
    "name_en": "Chum Phae"
  },
  {
    "amp_code": 5,
    "name_th": "ระแงะ",
    "name_en": "Ra Ngae"
  },
  {
    "amp_code": 5,
    "name_th": "ปากคาด",
    "name_en": "Pak Khat"
  },
  {
    "amp_code": 5,
    "name_th": "พังโคน",
    "name_en": "Phangkhon"
  },
  {
    "amp_code": 5,
    "name_th": "พาน",
    "name_en": "Phan"
  },
  {
    "amp_code": 5,
    "name_th": "กุฉินารายณ์",
    "name_en": "Kuchi Narai"
  },
  {
    "amp_code": 5,
    "name_th": "ด่านซ้าย",
    "name_en": "Dan Sai"
  },
  {
    "amp_code": 5,
    "name_th": "ยะหา",
    "name_en": "Yaha"
  },
  {
    "amp_code": 5,
    "name_th": "มายอ",
    "name_en": "Mayo"
  },
  {
    "amp_code": 5,
    "name_th": "ฟากท่า",
    "name_en": "Fak Tha"
  },
  {
    "amp_code": 5,
    "name_th": "สุวรรณคูหา",
    "name_en": "Suwanakhuha"
  },
  {
    "amp_code": 5,
    "name_th": "ปัว",
    "name_en": "Pua"
  },
  {
    "amp_code": 5,
    "name_th": "โนนสะอาด",
    "name_en": "Non Sa-at"
  },
  {
    "amp_code": 5,
    "name_th": "งาว",
    "name_en": "Ngao"
  },
  {
    "amp_code": 5,
    "name_th": "เสนางคนิคม",
    "name_en": "Senakanikom"
  },
  {
    "amp_code": 5,
    "name_th": "บางเขน",
    "name_en": "Bang Khen"
  },
  {
    "amp_code": 5,
    "name_th": "คำชะอี",
    "name_en": "Kham Cha E"
  },
  {
    "amp_code": 5,
    "name_th": "โพนพิสัย",
    "name_en": "Phon Phisai"
  },
  {
    "amp_code": 5,
    "name_th": "เทพา",
    "name_en": "Thepha"
  },
  {
    "amp_code": 5,
    "name_th": "ละงู",
    "name_en": "Langu"
  },
  {
    "amp_code": 5,
    "name_th": "หนองแซง",
    "name_en": "Nong Saeng"
  },
  {
    "amp_code": 5,
    "name_th": "เกาะพะงัน",
    "name_en": "Ko Phangan"
  },
  {
    "amp_code": 5,
    "name_th": "ขุขันธ์",
    "name_en": "Kunkhan"
  },
  {
    "amp_code": 5,
    "name_th": "วิเชียรบุรี",
    "name_en": "Wachian Buri"
  },
  {
    "amp_code": 5,
    "name_th": "พานทอง",
    "name_en": "Phan Thong"
  },
  {
    "amp_code": 5,
    "name_th": "ตะกั่วป่า",
    "name_en": "Ta Kua Pa"
  },
  {
    "amp_code": 5,
    "name_th": "ปราสาท",
    "name_en": "Prasat"
  },
  {
    "amp_code": 5,
    "name_th": "พระสมุทรเจดีย์",
    "name_en": "Phra Samut Chedi"
  },
  {
    "amp_code": 5,
    "name_th": "บ้านโป่ง",
    "name_en": "Banpong"
  },
  {
    "amp_code": 5,
    "name_th": "บ้านค่าย",
    "name_en": "Bankhai"
  },
  {
    "amp_code": 5,
    "name_th": "มะขาม",
    "name_en": "Makham"
  },
  {
    "amp_code": 5,
    "name_th": "บางมูลนาก",
    "name_en": "Bang Mun Nak"
  },
  {
    "amp_code": 5,
    "name_th": "สิเกา",
    "name_en": "Si Kao"
  },
  {
    "amp_code": 5,
    "name_th": "ศรีประจันต์",
    "name_en": "Si Prachan"
  },
  {
    "amp_code": 5,
    "name_th": "อ่าวลึก",
    "name_en": "Ao Luk"
  },
  {
    "amp_code": 5,
    "name_th": "แหลมงอบ",
    "name_en": "Laem Ngop"
  },
  {
    "amp_code": 5,
    "name_th": "บ้านโพธิ์",
    "name_en": "Ban Phoe"
  },
  {
    "amp_code": 5,
    "name_th": "หนองกี่",
    "name_en": "Nongki"
  },
  {
    "amp_code": 5,
    "name_th": "บางเลน",
    "name_en": "Bang Len"
  },
  {
    "amp_code": 5,
    "name_th": "พิปูน",
    "name_en": "Phipun"
  },
  {
    "amp_code": 5,
    "name_th": "วัฒนานคร",
    "name_en": "Wattana Nakhon"
  },
  {
    "amp_code": 5,
    "name_th": "ท่ายาง",
    "name_en": "Tha Yang"
  },
  {
    "amp_code": 5,
    "name_th": "บ้านเหลื่อม",
    "name_en": "Ban Luam"
  },
  {
    "amp_code": 5,
    "name_th": "หนองบัวแดง",
    "name_en": "Nong Bua Daeng"
  },
  {
    "amp_code": 5,
    "name_th": "ท่ามะกา",
    "name_en": "Tha Maka"
  },
  {
    "amp_code": 5,
    "name_th": "บางกระทุ่ม",
    "name_en": "Bang Krathum"
  },
  {
    "amp_code": 5,
    "name_th": "บางสะพานน้อย",
    "name_en": "Bang Saphan Noi"
  },
  {
    "amp_code": 5,
    "name_th": "แสวงหา",
    "name_en": "Saweangha"
  },
  {
    "amp_code": 5,
    "name_th": "ไทรน้อย",
    "name_en": "Sai Noi"
  },
  {
    "amp_code": 5,
    "name_th": "ละแม",
    "name_en": "Lamae"
  },
  {
    "amp_code": 5,
    "name_th": "ท่าวุ้ง",
    "name_en": "Tha Wung"
  },
  {
    "amp_code": 5,
    "name_th": "ท่าสองยาง",
    "name_en": "Tha Songyang"
  },
  {
    "amp_code": 5,
    "name_th": "บางบาล",
    "name_en": "Bang Ban"
  },
  {
    "amp_code": 5,
    "name_th": "ป่าติ้ว",
    "name_en": "Patiw"
  },
  {
    "amp_code": 5,
    "name_th": "เขมราฐ",
    "name_en": "Khemrat"
  },
  {
    "amp_code": 5,
    "name_th": "ศรีสัชนาลัย",
    "name_en": "Si Satchanalai"
  },
  {
    "amp_code": 5,
    "name_th": "คลองขลุง",
    "name_en": "Khlong khlung"
  },
  {
    "amp_code": 5,
    "name_th": "ท่าช้าง",
    "name_en": "Tha Chang"
  },
  {
    "amp_code": 5,
    "name_th": "ลาดหลุมแก้ว",
    "name_en": "Lat Lum Kaew"
  },
  {
    "amp_code": 5,
    "name_th": "หนองขาหย่าง",
    "name_en": "Nong Kha Yang"
  },
  {
    "amp_code": 5,
    "name_th": "สรรคบุรี",
    "name_en": "Sankhaburi"
  },
  {
    "amp_code": 5,
    "name_th": "ควนขนุน",
    "name_en": "Khuan Khanun"
  },
  {
    "amp_code": 5,
    "name_th": "สุขสำราญ",
    "name_en": "Suk Samran"
  },
  {
    "amp_code": 6,
    "name_th": "พะโต๊ะ",
    "name_en": "Phato"
  },
  {
    "amp_code": 6,
    "name_th": "พนมสารคาม",
    "name_en": "Phanom Sarakham"
  },
  {
    "amp_code": 6,
    "name_th": "เกาะกูด",
    "name_en": "Ko Kut"
  },
  {
    "amp_code": 6,
    "name_th": "หว้านใหญ่",
    "name_en": "Whanyai"
  },
  {
    "amp_code": 6,
    "name_th": "เชียรใหญ่",
    "name_en": "Chian Yai"
  },
  {
    "amp_code": 6,
    "name_th": "แจ้ห่ม",
    "name_en": "Chae Hom"
  },
  {
    "amp_code": 6,
    "name_th": "วาริชภูมิ",
    "name_en": "Waritchaphum"
  },
  {
    "amp_code": 6,
    "name_th": "บางปะอิน",
    "name_en": "Bang Pa-in"
  },
  {
    "amp_code": 6,
    "name_th": "อรัญประเทศ",
    "name_en": "Aranyaprathet"
  },
  {
    "amp_code": 6,
    "name_th": "นาแห้ว",
    "name_en": "Nahaeo"
  },
  {
    "amp_code": 6,
    "name_th": "จักราช",
    "name_en": "Chakrat"
  },
  {
    "amp_code": 6,
    "name_th": "สะบ้าย้อย",
    "name_en": "Sabayoi"
  },
  {
    "amp_code": 6,
    "name_th": "บ้านสร้าง",
    "name_en": "Ban Sang"
  },
  {
    "amp_code": 6,
    "name_th": "แหลมสิงห์",
    "name_en": "Laem Sing"
  },
  {
    "amp_code": 6,
    "name_th": "รือเสาะ",
    "name_en": "Ruso"
  },
  {
    "amp_code": 6,
    "name_th": "ไชยา",
    "name_en": "Chaiya"
  },
  {
    "amp_code": 6,
    "name_th": "อินทร์บุรี",
    "name_en": "Inburi"
  },
  {
    "amp_code": 6,
    "name_th": "บ้านหมอ",
    "name_en": "Ban Mor"
  },
  {
    "amp_code": 6,
    "name_th": "พนมไพร",
    "name_en": "Phanom Phai"
  },
  {
    "amp_code": 6,
    "name_th": "พนัสนิคม",
    "name_en": "Panusnikom"
  },
  {
    "amp_code": 6,
    "name_th": "ปราณบุรี",
    "name_en": "Pran Buri"
  },
  {
    "amp_code": 6,
    "name_th": "บางกะปิ",
    "name_en": "Bang Kapi"
  },
  {
    "amp_code": 6,
    "name_th": "คุระบุรี",
    "name_en": "Khura Buri"
  },
  {
    "amp_code": 6,
    "name_th": "ป่าซาง",
    "name_en": "Pa Sang"
  },
  {
    "amp_code": 6,
    "name_th": "แม่แตง",
    "name_en": "Mae Taeng"
  },
  {
    "amp_code": 6,
    "name_th": "ปากเกร็ด",
    "name_en": "Pak Kret"
  },
  {
    "amp_code": 6,
    "name_th": "บ้านหมี่",
    "name_en": "Ban Mi"
  },
  {
    "amp_code": 6,
    "name_th": "ปลวกแดง",
    "name_en": "Pluagdeang"
  },
  {
    "amp_code": 6,
    "name_th": "บรบือ",
    "name_en": "Borabu"
  },
  {
    "amp_code": 6,
    "name_th": "วิเศษชัยชาญ",
    "name_en": "Wiset Chai Chan"
  },
  {
    "amp_code": 6,
    "name_th": "หันคา",
    "name_en": "Hanka"
  },
  {
    "amp_code": 6,
    "name_th": "ปลายพระยา",
    "name_en": "Plai Phraya"
  },
  {
    "amp_code": 6,
    "name_th": "เขาวง",
    "name_en": "Khao Wong"
  },
  {
    "amp_code": 6,
    "name_th": "เรณูนคร",
    "name_en": "Renu Nakhon"
  },
  {
    "amp_code": 6,
    "name_th": "บางเสาธง",
    "name_en": "Bang Sao Thong"
  },
  {
    "amp_code": 6,
    "name_th": "จัตุรัส",
    "name_en": "Chaturat"
  },
  {
    "amp_code": 6,
    "name_th": "ไพรบึง",
    "name_en": "Phaibung"
  },
  {
    "amp_code": 6,
    "name_th": "หัวตะพาน",
    "name_en": "Hua Tapan"
  },
  {
    "amp_code": 6,
    "name_th": "ท่าม่วง",
    "name_en": "Tha Muang"
  },
  {
    "amp_code": 6,
    "name_th": "ปง",
    "name_en": "Pong"
  },
  {
    "amp_code": 6,
    "name_th": "บางแพ",
    "name_en": "Bang Phae"
  },
  {
    "amp_code": 6,
    "name_th": "ห้วยยอด",
    "name_en": "Huai Yot"
  },
  {
    "amp_code": 6,
    "name_th": "ป่าแดด",
    "name_en": "Padaet"
  },
  {
    "amp_code": 6,
    "name_th": "ปากพะยูน",
    "name_en": "Pak Phayun"
  },
  {
    "amp_code": 6,
    "name_th": "กาบเชิง",
    "name_en": "Kapchoeng"
  },
  {
    "amp_code": 6,
    "name_th": "บึงโขงหลง",
    "name_en": "Bung Khlong Long"
  },
  {
    "amp_code": 6,
    "name_th": "บ้านโคก",
    "name_en": "Ban Khok"
  },
  {
    "amp_code": 6,
    "name_th": "สบเมย",
    "name_en": "Sop Moei"
  },
  {
    "amp_code": 6,
    "name_th": "ศรีเทพ",
    "name_en": "Si Thep"
  },
  {
    "amp_code": 6,
    "name_th": "สีชมพู",
    "name_en": "Si Chomphu"
  },
  {
    "amp_code": 6,
    "name_th": "ลำลูกกา",
    "name_en": "Lum Lukka"
  },
  {
    "amp_code": 6,
    "name_th": "ศรีสำโรง",
    "name_en": "Si Samrong"
  },
  {
    "amp_code": 6,
    "name_th": "โพทะเล",
    "name_en": "Pho Thale"
  },
  {
    "amp_code": 6,
    "name_th": "นาวัง",
    "name_en": "Na Wang"
  },
  {
    "amp_code": 6,
    "name_th": "แม่สอด",
    "name_en": "Mae Sot"
  },
  {
    "amp_code": 6,
    "name_th": "ท่าวังผา",
    "name_en": "Tha Wangpha"
  },
  {
    "amp_code": 6,
    "name_th": "พรหมพิราม",
    "name_en": "Phom Phiram"
  },
  {
    "amp_code": 6,
    "name_th": "รามัน",
    "name_en": "Raman"
  },
  {
    "amp_code": 6,
    "name_th": "ดอนเจดีย์",
    "name_en": "Don Chadi"
  },
  {
    "amp_code": 6,
    "name_th": "ทุ่งยางแดง",
    "name_en": "Thung Yang Daeng"
  },
  {
    "amp_code": 6,
    "name_th": "ละหานทราย",
    "name_en": "Lahansai"
  },
  {
    "amp_code": 6,
    "name_th": "บ้านไร่",
    "name_en": "Ban Rai"
  },
  {
    "amp_code": 6,
    "name_th": "มหาชนะชัย",
    "name_en": "Maha Chanaphai"
  },
  {
    "amp_code": 6,
    "name_th": "หนองหาน",
    "name_en": "Nong Han"
  },
  {
    "amp_code": 6,
    "name_th": "สามพราน",
    "name_en": "Sam Phran"
  },
  {
    "amp_code": 6,
    "name_th": "บ้านลาด",
    "name_en": "Ban Lat"
  },
  {
    "amp_code": 6,
    "name_th": "พรานกระต่าย",
    "name_en": "Phran Kratai"
  },
  {
    "amp_code": 6,
    "name_th": "ทุ่งหว้า",
    "name_en": "Thung Wa"
  },
  {
    "amp_code": 6,
    "name_th": "สอง",
    "name_en": "Song"
  },
  {
    "amp_code": 6,
    "name_th": "เก้าเลี้ยว",
    "name_en": "Kao Liew"
  },
  {
    "amp_code": 7,
    "name_th": "สวรรคโลก",
    "name_en": "Sawan Khalok"
  },
  {
    "amp_code": 7,
    "name_th": "ตาคลี",
    "name_en": "Ta Khi"
  },
  {
    "amp_code": 7,
    "name_th": "ลานสัก",
    "name_en": "Lan Sak"
  },
  {
    "amp_code": 7,
    "name_th": "สวี",
    "name_en": "Sawi"
  },
  {
    "amp_code": 7,
    "name_th": "ศรีบรรพต",
    "name_en": "Si Ban Phot"
  },
  {
    "amp_code": 7,
    "name_th": "นาแก",
    "name_en": "Nakae"
  },
  {
    "amp_code": 7,
    "name_th": "ลานกระบือ",
    "name_en": "Krabu"
  },
  {
    "amp_code": 7,
    "name_th": "สายบุรี",
    "name_en": "Sai Buri"
  },
  {
    "amp_code": 7,
    "name_th": "ปางมะผ้า",
    "name_en": "Pang Mapha"
  },
  {
    "amp_code": 7,
    "name_th": "ท่าชนะ",
    "name_en": "Tha Chana"
  },
  {
    "amp_code": 7,
    "name_th": "นิคมน้ำอูน",
    "name_en": "Nikhom Nam Un"
  },
  {
    "amp_code": 7,
    "name_th": "พบพระ",
    "name_en": "Phop Phra"
  },
  {
    "amp_code": 7,
    "name_th": "พิชัย",
    "name_en": "Phichai"
  },
  {
    "amp_code": 7,
    "name_th": "วัดโบสถ์",
    "name_en": "Wat Bot"
  },
  {
    "amp_code": 7,
    "name_th": "บ้านแหลม",
    "name_en": "Ban Laem"
  },
  {
    "amp_code": 7,
    "name_th": "หัวหิน",
    "name_en": "Hua Hin"
  },
  {
    "amp_code": 7,
    "name_th": "วังชิ้น",
    "name_en": "Wang Chin"
  },
  {
    "amp_code": 7,
    "name_th": "กาบัง",
    "name_en": "Ka Bang"
  },
  {
    "amp_code": 7,
    "name_th": "ระโนด",
    "name_en": "Ranot"
  },
  {
    "amp_code": 7,
    "name_th": "วังเหนือ",
    "name_en": "Wang Nuea"
  },
  {
    "amp_code": 7,
    "name_th": "มะนัง",
    "name_en": "Manang"
  },
  {
    "amp_code": 7,
    "name_th": "พุทธมณฑล",
    "name_en": "Phuttamonthon"
  },
  {
    "amp_code": 7,
    "name_th": "ชะอวด",
    "name_en": "Cha Uat"
  },
  {
    "amp_code": 7,
    "name_th": "สองพี่น้อง",
    "name_en": "Song Phi Nong"
  },
  {
    "amp_code": 7,
    "name_th": "บ้านธิ",
    "name_en": "Ban Thi"
  },
  {
    "amp_code": 7,
    "name_th": "เวียงสา",
    "name_en": "Wiang Sa"
  },
  {
    "amp_code": 7,
    "name_th": "ทองผาภูมิ",
    "name_en": "Thong Phaphum"
  },
  {
    "amp_code": 7,
    "name_th": "ลำทับ",
    "name_en": "Lam Thap"
  },
  {
    "amp_code": 7,
    "name_th": "แม่ใจ",
    "name_en": "Mae Chai"
  },
  {
    "amp_code": 7,
    "name_th": "โพธาราม",
    "name_en": "Photharam"
  },
  {
    "amp_code": 7,
    "name_th": "ศรีสาคร",
    "name_en": "Si Sakhon"
  },
  {
    "amp_code": 7,
    "name_th": "แม่จัน",
    "name_en": "Mae Chan"
  },
  {
    "amp_code": 7,
    "name_th": "วังวิเศษ",
    "name_en": "Wang Wiset"
  },
  {
    "amp_code": 7,
    "name_th": "หนองไผ่",
    "name_en": "Nong Phai"
  },
  {
    "amp_code": 7,
    "name_th": "สามง่าม",
    "name_en": "Sam Ngam"
  },
  {
    "amp_code": 7,
    "name_th": "หนองสูง",
    "name_en": "Nong Sung"
  },
  {
    "amp_code": 7,
    "name_th": "ทับปุด",
    "name_en": "Thap Put"
  },
  {
    "amp_code": 7,
    "name_th": "แม่ริม",
    "name_en": "Mae Rim"
  },
  {
    "amp_code": 7,
    "name_th": "สามโก้",
    "name_en": "Samko"
  },
  {
    "amp_code": 7,
    "name_th": "สามโคก",
    "name_en": "Sam Khok"
  },
  {
    "amp_code": 7,
    "name_th": "เขาฉกรรจ์",
    "name_en": "Khao Chakan"
  },
  {
    "amp_code": 7,
    "name_th": "บางปะหัน",
    "name_en": "Bang Pahan"
  },
  {
    "amp_code": 7,
    "name_th": "ประจันตคาม",
    "name_en": "Prachantakham"
  },
  {
    "amp_code": 7,
    "name_th": "สอยดาว",
    "name_en": "Soi Dao"
  },
  {
    "amp_code": 7,
    "name_th": "เขาชะเมา",
    "name_en": "Khao Chamao"
  },
  {
    "amp_code": 7,
    "name_th": "ดอนพุด",
    "name_en": "Donput"
  },
  {
    "amp_code": 7,
    "name_th": "รัตนบุรี",
    "name_en": "Ratanaburi"
  },
  {
    "amp_code": 7,
    "name_th": "ทุ่งฝน",
    "name_en": "Thung Fon"
  },
  {
    "amp_code": 7,
    "name_th": "โพนทอง",
    "name_en": "Phon Thong"
  },
  {
    "amp_code": 7,
    "name_th": "ภูเรือ",
    "name_en": "Phu Rua"
  },
  {
    "amp_code": 7,
    "name_th": "เดชอุดม",
    "name_en": "Det Udom"
  },
  {
    "amp_code": 7,
    "name_th": "ปทุมวัน",
    "name_en": "Pathum Wan"
  },
  {
    "amp_code": 7,
    "name_th": "ศรีราชา",
    "name_en": "Siracha"
  },
  {
    "amp_code": 7,
    "name_th": "ปรางค์กู่",
    "name_en": "Prang Ku"
  },
  {
    "amp_code": 7,
    "name_th": "ท่าหลวง",
    "name_en": "Tha Luang"
  },
  {
    "amp_code": 7,
    "name_th": "ศรีเชียงใหม่",
    "name_en": "Si Chiang Mai"
  },
  {
    "amp_code": 7,
    "name_th": "หนองมะโมง",
    "name_en": "Nong Ma Mong"
  },
  {
    "amp_code": 7,
    "name_th": "ยางตลาด",
    "name_en": "Yang Talat"
  },
  {
    "amp_code": 7,
    "name_th": "นาเชือก",
    "name_en": "Na Chuak"
  },
  {
    "amp_code": 7,
    "name_th": "โชคชัย",
    "name_en": "Chokchai"
  },
  {
    "amp_code": 7,
    "name_th": "น้ำพอง",
    "name_en": "Nam Phong"
  },
  {
    "amp_code": 7,
    "name_th": "ค้อวัง",
    "name_en": "Kho Wang"
  },
  {
    "amp_code": 7,
    "name_th": "ศรีวิไล",
    "name_en": "Si Wilai"
  },
  {
    "amp_code": 7,
    "name_th": "เกาะช้าง",
    "name_en": "Ko Chang"
  },
  {
    "amp_code": 7,
    "name_th": "ราชสาส์น",
    "name_en": "Ratchasan"
  },
  {
    "amp_code": 7,
    "name_th": "ลืออำนาจ",
    "name_en": "Luaamnaj"
  },
  {
    "amp_code": 7,
    "name_th": "บำเหน็จณรงค์",
    "name_en": "Bamnetnarong"
  },
  {
    "amp_code": 7,
    "name_th": "ประโคนชัย",
    "name_en": "Prakhonchai"
  },
  {
    "amp_code": 8,
    "name_th": "กระแสสินธุ์",
    "name_en": "Krasaesin"
  },
  {
    "amp_code": 8,
    "name_th": "บุ่งคล้า",
    "name_en": "Bungkha"
  },
  {
    "amp_code": 8,
    "name_th": "ท่าลี่",
    "name_en": "Tha Li"
  },
  {
    "amp_code": 8,
    "name_th": "นาจะหลวย",
    "name_en": "Nachaluai"
  },
  {
    "amp_code": 8,
    "name_th": "ท้ายเหมือง",
    "name_en": "Thai Muang"
  },
  {
    "amp_code": 8,
    "name_th": "เถิน",
    "name_en": "Thoen"
  },
  {
    "amp_code": 8,
    "name_th": "ลับแล",
    "name_en": "Laplae"
  },
  {
    "amp_code": 8,
    "name_th": "แก่งกระจาน",
    "name_en": "Kaeng Krachan"
  },
  {
    "amp_code": 8,
    "name_th": "ท่าศาลา",
    "name_en": "Tha Sala"
  },
  {
    "amp_code": 8,
    "name_th": "ท่าตะโก",
    "name_en": "Tha Ta Ko"
  },
  {
    "amp_code": 8,
    "name_th": "สังคม",
    "name_en": "Sang Khom"
  },
  {
    "amp_code": 8,
    "name_th": "สระโบสถ์",
    "name_en": "Sa Bot"
  },
  {
    "amp_code": 8,
    "name_th": "เวียงหนองล่อง",
    "name_en": "Wiang Nong Long"
  },
  {
    "amp_code": 8,
    "name_th": "ศรีนคร",
    "name_en": "Si Nakhon"
  },
  {
    "amp_code": 8,
    "name_th": "อุ้มผาง",
    "name_en": "Um Phang"
  },
  {
    "amp_code": 8,
    "name_th": "ไม้แก่น",
    "name_en": "Mai Kaen"
  },
  {
    "amp_code": 8,
    "name_th": "ภูซาง",
    "name_en": "Phu Sang"
  },
  {
    "amp_code": 8,
    "name_th": "สามร้อยยอด",
    "name_en": "Sam Roi Yot"
  },
  {
    "amp_code": 8,
    "name_th": "โคกสูง",
    "name_en": "Khoksung"
  },
  {
    "amp_code": 8,
    "name_th": "ห้วยคต",
    "name_en": "Huai Khot"
  },
  {
    "amp_code": 8,
    "name_th": "นาโยง",
    "name_en": "Nayong"
  },
  {
    "amp_code": 8,
    "name_th": "ศรีมหาโพธิ",
    "name_en": "Srimahapho"
  },
  {
    "amp_code": 8,
    "name_th": "เชียงแสน",
    "name_en": "Chiangsaen"
  },
  {
    "amp_code": 8,
    "name_th": "ผักไห่",
    "name_en": "Phak Hai"
  },
  {
    "amp_code": 8,
    "name_th": "เลิงนกทา",
    "name_en": "Luang Nok Tha"
  },
  {
    "amp_code": 8,
    "name_th": "วังทอง",
    "name_en": "Wang Thong"
  },
  {
    "amp_code": 8,
    "name_th": "ด่านขุนทด",
    "name_en": "Dan Khun Thot"
  },
  {
    "amp_code": 8,
    "name_th": "ทุ่งช้าง",
    "name_en": "Thung Chang"
  },
  {
    "amp_code": 8,
    "name_th": "หนองบัวระเหว",
    "name_en": "Nong Bua Rawe"
  },
  {
    "amp_code": 8,
    "name_th": "ป่าบอน",
    "name_en": "Pa Bon"
  },
  {
    "amp_code": 8,
    "name_th": "อุบลรัตน์",
    "name_en": "Ubonrat"
  },
  {
    "amp_code": 8,
    "name_th": "ไชยวาน",
    "name_en": "Chai Wan"
  },
  {
    "amp_code": 8,
    "name_th": "ทรายทองวัฒนา",
    "name_en": "Sai Thong Phattana"
  },
  {
    "amp_code": 8,
    "name_th": "หนองม่วงไข่",
    "name_en": "Nong Muang Khai"
  },
  {
    "amp_code": 8,
    "name_th": "เกาะสีชัง",
    "name_en": "Ko Sichang"
  },
  {
    "amp_code": 8,
    "name_th": "ทุ่งตะโก",
    "name_en": "Thung Tako"
  },
  {
    "amp_code": 8,
    "name_th": "แก่งหางแมว",
    "name_en": "Kaeng Hang Maeo"
  },
  {
    "amp_code": 8,
    "name_th": "โพธิ์ชัย",
    "name_en": "Pho Chai"
  },
  {
    "amp_code": 8,
    "name_th": "นิคมพัฒนา",
    "name_en": "Nikom Pattana"
  },
  {
    "amp_code": 8,
    "name_th": "พยัคฆภูมิพิสัย",
    "name_en": "Phayakkhaphum Phisai"
  },
  {
    "amp_code": 8,
    "name_th": "แว้ง",
    "name_en": "Waeng"
  },
  {
    "amp_code": 8,
    "name_th": "เนินขาม",
    "name_en": "Noen Kham"
  },
  {
    "amp_code": 8,
    "name_th": "ปากท่อ",
    "name_en": "Paktho"
  },
  {
    "amp_code": 8,
    "name_th": "สะเมิง",
    "name_en": "Sa Moeng"
  },
  {
    "amp_code": 8,
    "name_th": "ศรีสงคราม",
    "name_en": "Si Songkhram"
  },
  {
    "amp_code": 8,
    "name_th": "ห้วยเม็ก",
    "name_en": "Huai Mek"
  },
  {
    "amp_code": 8,
    "name_th": "วานรนิวาส",
    "name_en": "Wanon Niwat"
  },
  {
    "amp_code": 8,
    "name_th": "คีรีรัฐนิคม",
    "name_en": "Khiri Rat Nikhom"
  },
  {
    "amp_code": 8,
    "name_th": "สนม",
    "name_en": "Sanom"
  },
  {
    "amp_code": 8,
    "name_th": "บ้านกรวด",
    "name_en": "Bankruat"
  },
  {
    "amp_code": 8,
    "name_th": "บึงสามพัน",
    "name_en": "Bung Samphan"
  },
  {
    "amp_code": 8,
    "name_th": "ขุนหาญ",
    "name_en": "Khunhan"
  },
  {
    "amp_code": 8,
    "name_th": "สังขละบุรี",
    "name_en": "Sangkha Buri"
  },
  {
    "amp_code": 8,
    "name_th": "สามชุก",
    "name_en": "Sam Chuk"
  },
  {
    "amp_code": 8,
    "name_th": "สนามชัยเขต",
    "name_en": "Sanam Chaikhet"
  },
  {
    "amp_code": 8,
    "name_th": "กรงปินัง",
    "name_en": "Krong Pi Nang"
  },
  {
    "amp_code": 8,
    "name_th": "ป้อมปราบศัตรูพ่าย",
    "name_en": "Pom Prap Sattru Phai"
  },
  {
    "amp_code": 8,
    "name_th": "ทับคล้อ",
    "name_en": "Thap Khlo"
  },
  {
    "amp_code": 8,
    "name_th": "หนองโดน",
    "name_en": "Nong Done"
  },
  {
    "amp_code": 8,
    "name_th": "เหนือคลอง",
    "name_en": "Nuea Khlong"
  },
  {
    "amp_code": 9,
    "name_th": "สหัสขันธ์",
    "name_en": "Sahatsakhan"
  },
  {
    "amp_code": 9,
    "name_th": "พนมทวน",
    "name_en": "Phanom Thuan"
  },
  {
    "amp_code": 9,
    "name_th": "ภาชี",
    "name_en": "Phachi"
  },
  {
    "amp_code": 9,
    "name_th": "ไทยเจริญ",
    "name_en": "Thaicharoen"
  },
  {
    "amp_code": 9,
    "name_th": "นายายอาม",
    "name_en": "Na Yaiarm"
  },
  {
    "amp_code": 9,
    "name_th": "บ้านตาขุน",
    "name_en": "Ban Takhun"
  },
  {
    "amp_code": 9,
    "name_th": "วัดเพลง",
    "name_en": "Wat Phleng"
  },
  {
    "amp_code": 9,
    "name_th": "รัษฎา",
    "name_en": "Ratta"
  },
  {
    "amp_code": 9,
    "name_th": "นาหว้า",
    "name_en": "Na Wa"
  },
  {
    "amp_code": 9,
    "name_th": "วังสมบูรณ์",
    "name_en": "Wang Sombun"
  },
  {
    "amp_code": 9,
    "name_th": "ศรีมโหสถ",
    "name_en": "Sri Mahosoit"
  },
  {
    "amp_code": 9,
    "name_th": "แปลงยาว",
    "name_en": "Plaeng Yao"
  },
  {
    "amp_code": 9,
    "name_th": "สุคิริน",
    "name_en": "Sukhirin"
  },
  {
    "amp_code": 9,
    "name_th": "แม่สาย",
    "name_en": "Mae Sai"
  },
  {
    "amp_code": 9,
    "name_th": "ภูกามยาว",
    "name_en": "Phu Kam Yao"
  },
  {
    "amp_code": 9,
    "name_th": "อู่ทอง",
    "name_en": "U Thong"
  },
  {
    "amp_code": 9,
    "name_th": "รัตภูมิ",
    "name_en": "Rattaphum"
  },
  {
    "amp_code": 9,
    "name_th": "โคกเจริญ",
    "name_en": "Kok Charoen"
  },
  {
    "amp_code": 9,
    "name_th": "บางแก้ว",
    "name_en": "Bang Kaeo"
  },
  {
    "amp_code": 9,
    "name_th": "วาปีปทุม",
    "name_en": "Wapi Pathum"
  },
  {
    "amp_code": 9,
    "name_th": "เนินมะปราง",
    "name_en": "Noen Mapang"
  },
  {
    "amp_code": 9,
    "name_th": "ทุ่งสง",
    "name_en": "Thung Song"
  },
  {
    "amp_code": 9,
    "name_th": "ราษีไศล",
    "name_en": "Rasi Salai"
  },
  {
    "amp_code": 9,
    "name_th": "สากเหล็ก",
    "name_en": "Sak Lek"
  },
  {
    "amp_code": 9,
    "name_th": "แม่พริก",
    "name_en": "Mae Phrik"
  },
  {
    "amp_code": 9,
    "name_th": "ทุ่งเสลี่ยม",
    "name_en": "Thung Saliam"
  },
  {
    "amp_code": 9,
    "name_th": "พระโขนง",
    "name_en": "Phra Khanong"
  },
  {
    "amp_code": 9,
    "name_th": "ไพศาลี",
    "name_en": "Phai Sali"
  },
  {
    "amp_code": 9,
    "name_th": "พุทไธสง",
    "name_en": "Phutthaisong"
  },
  {
    "amp_code": 9,
    "name_th": "วังสะพุง",
    "name_en": "Wang Saphung"
  },
  {
    "amp_code": 9,
    "name_th": "พระพุทธบาท",
    "name_en": "Phraputthabath"
  },
  {
    "amp_code": 9,
    "name_th": "น้ำยืน",
    "name_en": "Nam Yun"
  },
  {
    "amp_code": 9,
    "name_th": "เชียงกลาง",
    "name_en": "Chiang Klang"
  },
  {
    "amp_code": 9,
    "name_th": "น้ำหนาว",
    "name_en": "Nam Nao"
  },
  {
    "amp_code": 9,
    "name_th": "วังเจ้า",
    "name_en": "Wang Chao"
  },
  {
    "amp_code": 9,
    "name_th": "คำตากล้า",
    "name_en": "Kham Taka"
  },
  {
    "amp_code": 9,
    "name_th": "ฝาง",
    "name_en": "Fang"
  },
  {
    "amp_code": 9,
    "name_th": "ยะหริ่ง",
    "name_en": "Ya Ring"
  },
  {
    "amp_code": 9,
    "name_th": "สัตหีบ",
    "name_en": "Sattahip"
  },
  {
    "amp_code": 9,
    "name_th": "กระนวน",
    "name_en": "Kranuan"
  },
  {
    "amp_code": 9,
    "name_th": "ปางศิลาทอง",
    "name_en": "Pang Sila Thong"
  },
  {
    "amp_code": 9,
    "name_th": "ศีขรภูมิ",
    "name_en": "Srikhoraphum"
  },
  {
    "amp_code": 9,
    "name_th": "ศรีธาตุ",
    "name_en": "Si That"
  },
  {
    "amp_code": 9,
    "name_th": "โนนไทย",
    "name_en": "Noen Thai"
  },
  {
    "amp_code": 9,
    "name_th": "หนองพอก",
    "name_en": "Nong Phok"
  },
  {
    "amp_code": 9,
    "name_th": "ทองแสนขัน",
    "name_en": "Thong saengkhan"
  },
  {
    "amp_code": 9,
    "name_th": "เทพสถิต",
    "name_en": "Thep Sathit"
  },
  {
    "amp_code": 10,
    "name_th": "พยุหะคีรี",
    "name_en": "Phayuhakhiri"
  },
  {
    "amp_code": 10,
    "name_th": "ลำปลายมาศ",
    "name_en": "Lam Plai Mat"
  },
  {
    "amp_code": 10,
    "name_th": "ลาดบัวหลวง",
    "name_en": "Lat Bua Luang"
  },
  {
    "amp_code": 10,
    "name_th": "พนม",
    "name_en": "Phanom"
  },
  {
    "amp_code": 10,
    "name_th": "บ้านคา",
    "name_en": "Ban Kha"
  },
  {
    "amp_code": 10,
    "name_th": "สังขะ",
    "name_en": "Sangkha"
  },
  {
    "amp_code": 10,
    "name_th": "บึงสามัคคี",
    "name_en": "Bung Samakkhi"
  },
  {
    "amp_code": 10,
    "name_th": "วังโป่ง",
    "name_en": "Wang Pong"
  },
  {
    "amp_code": 10,
    "name_th": "บุณฑริก",
    "name_en": "Buntharik"
  },
  {
    "amp_code": 10,
    "name_th": "เสาไห้",
    "name_en": "Sao Hai"
  },
  {
    "amp_code": 10,
    "name_th": "ลำสนธิ",
    "name_en": "lam Son Thi"
  },
  {
    "amp_code": 10,
    "name_th": "บึงนาราง",
    "name_en": "Bung Na Rang"
  },
  {
    "amp_code": 10,
    "name_th": "อุทุมพรพิสัย",
    "name_en": "Uthumphon Phisai"
  },
  {
    "amp_code": 10,
    "name_th": "เลาขวัญ",
    "name_en": "Lao Khwan"
  },
  {
    "amp_code": 10,
    "name_th": "ภูเขียว",
    "name_en": "Phukhieo"
  },
  {
    "amp_code": 10,
    "name_th": "แม่สรวย",
    "name_en": "Mae Saluai"
  },
  {
    "amp_code": 10,
    "name_th": "นาดูน",
    "name_en": "Nadun"
  },
  {
    "amp_code": 10,
    "name_th": "วังสามหมอ",
    "name_en": "Wang Sam Mo"
  },
  {
    "amp_code": 10,
    "name_th": "ป่าพะยอม",
    "name_en": "Pa Phayom"
  },
  {
    "amp_code": 10,
    "name_th": "ยะรัง",
    "name_en": "Ya Rang"
  },
  {
    "amp_code": 10,
    "name_th": "ท่าตะเกียบ",
    "name_en": "Tha Takiap"
  },
  {
    "amp_code": 10,
    "name_th": "ภูกระดึง",
    "name_en": "Phu Kradung"
  },
  {
    "amp_code": 10,
    "name_th": "แม่ทะ",
    "name_en": "Mae Tha"
  },
  {
    "amp_code": 10,
    "name_th": "นาบอน",
    "name_en": "Nabon"
  },
  {
    "amp_code": 10,
    "name_th": "นาหมื่น",
    "name_en": "Na Mun"
  },
  {
    "amp_code": 10,
    "name_th": "มีนบุรี",
    "name_en": "Min Buri"
  },
  {
    "amp_code": 10,
    "name_th": "แม่อาย",
    "name_en": "Mae Ai"
  },
  {
    "amp_code": 10,
    "name_th": "เสลภูมิ",
    "name_en": "Sela Phum"
  },
  {
    "amp_code": 10,
    "name_th": "โพนสวรรค์",
    "name_en": "Phon Sawan"
  },
  {
    "amp_code": 10,
    "name_th": "สุไหงโก-ลก",
    "name_en": "Su Ngai Kolok"
  },
  {
    "amp_code": 10,
    "name_th": "คำม่วง",
    "name_en": "Kham Muang"
  },
  {
    "amp_code": 10,
    "name_th": "บ้านม่วง",
    "name_en": "Ban Muang"
  },
  {
    "amp_code": 10,
    "name_th": "เขาคิชฌกูฏ",
    "name_en": "Khao Khitchakut"
  },
  {
    "amp_code": 10,
    "name_th": "บ่อทอง",
    "name_en": "Borthong"
  },
  {
    "amp_code": 10,
    "name_th": "หาดสำราญ",
    "name_en": "Hat Samran"
  },
  {
    "amp_code": 10,
    "name_th": "หนองหญ้าไซ",
    "name_en": "Nong Ya Sai"
  },
  {
    "amp_code": 10,
    "name_th": "สะเดา",
    "name_en": "Sadao"
  },
  {
    "amp_code": 10,
    "name_th": "โนนสูง",
    "name_en": "Noen Sung"
  },
  {
    "amp_code": 10,
    "name_th": "บ้านไผ่",
    "name_en": "Ban Phai"
  },
  {
    "amp_code": 11,
    "name_th": "บ้านแท่น",
    "name_en": "Ban Thaen"
  },
  {
    "amp_code": 11,
    "name_th": "ท่าฉาง",
    "name_en": "Tha Chang"
  },
  {
    "amp_code": 11,
    "name_th": "หนองม่วง",
    "name_en": "Nong Muang"
  },
  {
    "amp_code": 11,
    "name_th": "หาดใหญ่",
    "name_en": "Hat Yai"
  },
  {
    "amp_code": 11,
    "name_th": "ทุ่งใหญ่",
    "name_en": "Thung Yai"
  },
  {
    "amp_code": 11,
    "name_th": "ลาดยาว",
    "name_en": "Lat Yao"
  },
  {
    "amp_code": 11,
    "name_th": "นาทม",
    "name_en": "Nathom"
  },
  {
    "amp_code": 11,
    "name_th": "มวกเหล็ก",
    "name_en": "Muak Lek"
  },
  {
    "amp_code": 11,
    "name_th": "สุวรรณภูมิ",
    "name_en": "Suwan Phum"
  },
  {
    "amp_code": 11,
    "name_th": "บึงบูรพ์",
    "name_en": "Bung Bun"
  },
  {
    "amp_code": 11,
    "name_th": "ยางสีสุราช",
    "name_en": "Yang Sisurat"
  },
  {
    "amp_code": 11,
    "name_th": "เขาค้อ",
    "name_en": "Khao Khlo"
  },
  {
    "amp_code": 11,
    "name_th": "พร้าว",
    "name_en": "Phrao"
  },
  {
    "amp_code": 11,
    "name_th": "ลาดกระบัง",
    "name_en": "Lat Krabang"
  },
  {
    "amp_code": 11,
    "name_th": "ลำดวน",
    "name_en": "Lamduan"
  },
  {
    "amp_code": 11,
    "name_th": "ดงเจริญ",
    "name_en": "Dong Charoen"
  },
  {
    "amp_code": 11,
    "name_th": "ขามสะแกแสง",
    "name_en": "Kham Sakae Saeng"
  },
  {
    "amp_code": 11,
    "name_th": "ภูหลวง",
    "name_en": "Phu Luang"
  },
  {
    "amp_code": 11,
    "name_th": "สบปราบ",
    "name_en": "Som Prap"
  },
  {
    "amp_code": 11,
    "name_th": "วังน้อย",
    "name_en": "Wang Noi"
  },
  {
    "amp_code": 11,
    "name_th": "ท่าคันโท",
    "name_en": "Tha Khan Tho"
  },
  {
    "amp_code": 11,
    "name_th": "สันติสุข",
    "name_en": "Santisuk"
  },
  {
    "amp_code": 11,
    "name_th": "สตึก",
    "name_en": "Satuk"
  },
  {
    "amp_code": 11,
    "name_th": "บ้านดุง",
    "name_en": "Ban Dung"
  },
  {
    "amp_code": 11,
    "name_th": "เปือยน้อย",
    "name_en": "Puainoi"
  },
  {
    "amp_code": 11,
    "name_th": "โกสัมพีนคร",
    "name_en": "Kosamphi Nakhon"
  },
  {
    "amp_code": 11,
    "name_th": "สุไหงปาดี",
    "name_en": "Su Nghai Padi"
  },
  {
    "amp_code": 11,
    "name_th": "ด่านมะขามเตี้ย",
    "name_en": "Dan Makham Tia"
  },
  {
    "amp_code": 11,
    "name_th": "เกาะจันทร์",
    "name_en": "Ko Jan"
  },
  {
    "amp_code": 11,
    "name_th": "กะพ้อ",
    "name_en": "Ka Po"
  },
  {
    "amp_code": 11,
    "name_th": "คลองเขื่อน",
    "name_en": "Khong Khuain"
  },
  {
    "amp_code": 11,
    "name_th": "เวียงป่าเป้า",
    "name_en": "Wiang Papao"
  },
  {
    "amp_code": 11,
    "name_th": "ตระการพืชผล",
    "name_en": "Trakan Phutphon"
  },
  {
    "amp_code": 11,
    "name_th": "อากาศอำนวย",
    "name_en": "Akat Amnuai"
  },
  {
    "amp_code": 11,
    "name_th": "ศรีนครินทร์",
    "name_en": "Si Nakharin"
  },
  {
    "amp_code": 12,
    "name_th": "หนองกุงศรี",
    "name_en": "Nong Kungsi"
  },
  {
    "amp_code": 12,
    "name_th": "สำโรงทาบ",
    "name_en": "Samrongtap"
  },
  {
    "amp_code": 12,
    "name_th": "สันป่าตอง",
    "name_en": "San Patong"
  },
  {
    "amp_code": 12,
    "name_th": "บัวใหญ่",
    "name_en": "Bua Yai"
  },
  {
    "amp_code": 12,
    "name_th": "หนองปรือ",
    "name_en": "Nong Pu"
  },
  {
    "amp_code": 12,
    "name_th": "กุดรัง",
    "name_en": "Kut Rang"
  },
  {
    "amp_code": 12,
    "name_th": "บ้านนาสาร",
    "name_en": "Banna San"
  },
  {
    "amp_code": 12,
    "name_th": "ตากฟ้า",
    "name_en": "Tak Fa"
  },
  {
    "amp_code": 12,
    "name_th": "เมืองสรวง",
    "name_en": "Mueang Sruang"
  },
  {
    "amp_code": 12,
    "name_th": "วังยาง",
    "name_en": "Wang Yang"
  },
  {
    "amp_code": 12,
    "name_th": "ปะคำ",
    "name_en": "Pakham"
  },
  {
    "amp_code": 12,
    "name_th": "สว่างแดนดิน",
    "name_en": "Sawang Daen Din"
  },
  {
    "amp_code": 12,
    "name_th": "จะแนะ",
    "name_en": "Chanae"
  },
  {
    "amp_code": 12,
    "name_th": "นาหม่อม",
    "name_en": "Na Mom"
  },
  {
    "amp_code": 12,
    "name_th": "ผาขาว",
    "name_en": "Pha Khao"
  },
  {
    "amp_code": 12,
    "name_th": "แม่ลาน",
    "name_en": "Mae Lan"
  },
  {
    "amp_code": 12,
    "name_th": "กุดข้าวปุ้น",
    "name_en": "Kut Khao Pun"
  },
  {
    "amp_code": 12,
    "name_th": "วังม่วง",
    "name_en": "Wang Muang"
  },
  {
    "amp_code": 12,
    "name_th": "ปากพนัง",
    "name_en": "Pak Phanang"
  },
  {
    "amp_code": 12,
    "name_th": "แก้งคร้อ",
    "name_en": "Kaeng Khro"
  },
  {
    "amp_code": 12,
    "name_th": "ห้างฉัตร",
    "name_en": "Hang Chat"
  },
  {
    "amp_code": 12,
    "name_th": "ห้วยทับทัน",
    "name_en": "Huai Thapthan"
  },
  {
    "amp_code": 12,
    "name_th": "เสนา",
    "name_en": "Sena"
  },
  {
    "amp_code": 12,
    "name_th": "บ่อเกลือ",
    "name_en": "Bokuai"
  },
  {
    "amp_code": 12,
    "name_th": "ยานนาวา",
    "name_en": "Yan Nawa"
  },
  {
    "amp_code": 12,
    "name_th": "วชิรบารมี",
    "name_en": "Wachira Barami"
  },
  {
    "amp_code": 12,
    "name_th": "พล",
    "name_en": "Phon"
  },
  {
    "amp_code": 12,
    "name_th": "พญาเม็งราย",
    "name_en": "Phaya Mengrai"
  },
  {
    "amp_code": 13,
    "name_th": "แวงใหญ่",
    "name_en": "Waeng Yai"
  },
  {
    "amp_code": 13,
    "name_th": "สองแคว",
    "name_en": "Song Khwae"
  },
  {
    "amp_code": 13,
    "name_th": "นาโพธิ์",
    "name_en": "Na Pho"
  },
  {
    "amp_code": 13,
    "name_th": "สมเด็จ",
    "name_en": "Somdet"
  },
  {
    "amp_code": 13,
    "name_th": "ห้วยกระเจา",
    "name_en": "Huai Krachao"
  },
  {
    "amp_code": 13,
    "name_th": "บางซ้าย",
    "name_en": "Bang Sai"
  },
  {
    "amp_code": 13,
    "name_th": "คอนสาร",
    "name_en": "Khon San"
  },
  {
    "amp_code": 13,
    "name_th": "ส่องดาว",
    "name_en": "Song Dao"
  },
  {
    "amp_code": 13,
    "name_th": "บัวเชด",
    "name_en": "Bua Ched"
  },
  {
    "amp_code": 13,
    "name_th": "เมืองปาน",
    "name_en": "Mueang Pan"
  },
  {
    "amp_code": 13,
    "name_th": "ควนเนียง",
    "name_en": "Khuan Niang"
  },
  {
    "amp_code": 13,
    "name_th": "ประทาย",
    "name_en": "Pratay"
  },
  {
    "amp_code": 13,
    "name_th": "แม่วงก์",
    "name_en": "Mae Wong"
  },
  {
    "amp_code": 13,
    "name_th": "สัมพันธวงศ์",
    "name_en": "Samphanthawong"
  },
  {
    "amp_code": 13,
    "name_th": "ร่อนพิบูลย์",
    "name_en": "Ron Phibun"
  },
  {
    "amp_code": 13,
    "name_th": "ชื่นชม",
    "name_en": "Chunchom"
  },
  {
    "amp_code": 13,
    "name_th": "เวียงแก่น",
    "name_en": "Wiang Kaen"
  },
  {
    "amp_code": 13,
    "name_th": "โนนคูณ",
    "name_en": "Non Khun"
  },
  {
    "amp_code": 13,
    "name_th": "เฉลิมพระเกียรติ",
    "name_en": "Chaloem Phra kiat"
  },
  {
    "amp_code": 13,
    "name_th": "เอราวัณ",
    "name_en": "Arawan"
  },
  {
    "amp_code": 13,
    "name_th": "เจาะไอร้อง",
    "name_en": "Chao Ai Rong"
  },
  {
    "amp_code": 13,
    "name_th": "บ้านนาเดิม",
    "name_en": "Banna Doem"
  },
  {
    "amp_code": 13,
    "name_th": "สันกำแพง",
    "name_en": "San Kamphang"
  },
  {
    "amp_code": 13,
    "name_th": "โพนทราย",
    "name_en": "Phon Sai"
  },
  {
    "amp_code": 14,
    "name_th": "ปักธงชัย",
    "name_en": "Pakthong Chai"
  },
  {
    "amp_code": 14,
    "name_th": "สิชล",
    "name_en": "Si Chon"
  },
  {
    "amp_code": 14,
    "name_th": "แม่เปิน",
    "name_en": "Mae Wong"
  },
  {
    "amp_code": 14,
    "name_th": "บางกล่ำ",
    "name_en": "Bang Klam"
  },
  {
    "amp_code": 14,
    "name_th": "ขุนตาล",
    "name_en": "Khun Tan"
  },
  {
    "amp_code": 14,
    "name_th": "ภูเพียง",
    "name_en": "Phuphiang"
  },
  {
    "amp_code": 14,
    "name_th": "หนองหิน",
    "name_en": "Nong Hin"
  },
  {
    "amp_code": 14,
    "name_th": "ภักดีชุมพล",
    "name_en": "Phakdi Chumphon"
  },
  {
    "amp_code": 14,
    "name_th": "สระใคร",
    "name_en": "Srakhai"
  },
  {
    "amp_code": 14,
    "name_th": "อุทัย",
    "name_en": "Uthai"
  },
  {
    "amp_code": 14,
    "name_th": "พญาไท",
    "name_en": "Phaya Thai"
  },
  {
    "amp_code": 14,
    "name_th": "แวงน้อย",
    "name_en": "Waeng Noi"
  },
  {
    "amp_code": 14,
    "name_th": "สันทราย",
    "name_en": "San Sai"
  },
  {
    "amp_code": 14,
    "name_th": "ม่วงสามสิบ",
    "name_en": "Muang Samsip"
  },
  {
    "amp_code": 14,
    "name_th": "ศรีรัตนะ",
    "name_en": "Si Ratana"
  },
  {
    "amp_code": 14,
    "name_th": "พนมดงรัก",
    "name_en": "Phanom Dongruk"
  },
  {
    "amp_code": 14,
    "name_th": "เต่างอย",
    "name_en": "Tao Ngoi"
  },
  {
    "amp_code": 14,
    "name_th": "ห้วยผึ้ง",
    "name_en": "Huai Phung"
  },
  {
    "amp_code": 14,
    "name_th": "เคียนซา",
    "name_en": "Khian Sa"
  },
  {
    "amp_code": 14,
    "name_th": "อาจสามารถ",
    "name_en": "At Samat"
  },
  {
    "amp_code": 14,
    "name_th": "หนองหงส์",
    "name_en": "Nong Hong"
  },
  {
    "amp_code": 15,
    "name_th": "หางดง",
    "name_en": "Hang Dong"
  },
  {
    "amp_code": 15,
    "name_th": "ขนอม",
    "name_en": "Khanom"
  },
  {
    "amp_code": 15,
    "name_th": "เมยวดี",
    "name_en": "Muaiwadi"
  },
  {
    "amp_code": 15,
    "name_th": "ธนบุรี",
    "name_en": "Thon Buri"
  },
  {
    "amp_code": 15,
    "name_th": "เฝ้าไร่",
    "name_en": "Fao Rai"
  },
  {
    "amp_code": 15,
    "name_th": "โคกศรีสุพรรณ",
    "name_en": "Khok Si Suphan"
  },
  {
    "amp_code": 15,
    "name_th": "เฉลิมพระเกียรติ",
    "name_en": "Chaloem Phra kiat"
  },
  {
    "amp_code": 15,
    "name_th": "สิงหนคร",
    "name_en": "Singha Nakhon"
  },
  {
    "amp_code": 15,
    "name_th": "สามชัย",
    "name_en": "Samchai"
  },
  {
    "amp_code": 15,
    "name_th": "พลับพลาชัย",
    "name_en": "Phapphachai"
  },
  {
    "amp_code": 15,
    "name_th": "หนองสองห้อง",
    "name_en": "Nong Song Hong"
  },
  {
    "amp_code": 15,
    "name_th": "เวียงสระ",
    "name_en": "Wiang Sra"
  },
  {
    "amp_code": 15,
    "name_th": "ศรีณรงค์",
    "name_en": "Sri Narong"
  },
  {
    "amp_code": 15,
    "name_th": "น้ำเกลี้ยง",
    "name_en": "Nam Kiang"
  },
  {
    "amp_code": 15,
    "name_th": "วารินชำราบ",
    "name_en": "Warin Chamrap"
  },
  {
    "amp_code": 15,
    "name_th": "พิมาย",
    "name_en": "Phimai"
  },
  {
    "amp_code": 15,
    "name_th": "ชุมตาบง",
    "name_en": "Chum Ta Bong"
  },
  {
    "amp_code": 15,
    "name_th": "มหาราช",
    "name_en": "Maharat"
  },
  {
    "amp_code": 15,
    "name_th": "แม่ฟ้าหลวง",
    "name_en": "Mae Faluang"
  },
  {
    "amp_code": 15,
    "name_th": "เนินสง่า",
    "name_en": "Noen Sanga"
  },
  {
    "amp_code": 16,
    "name_th": "บางกอกใหญ่",
    "name_en": "Bangkok Yai"
  },
  {
    "amp_code": 16,
    "name_th": "นาคู",
    "name_en": "Nakhu"
  },
  {
    "amp_code": 16,
    "name_th": "ห้วยราช",
    "name_en": "Huai Rat"
  },
  {
    "amp_code": 16,
    "name_th": "พระแสง",
    "name_en": "Pha Saeng"
  },
  {
    "amp_code": 16,
    "name_th": "เจริญศิลป์",
    "name_en": "Chaloensin"
  },
  {
    "amp_code": 16,
    "name_th": "ศรีสมเด็จ",
    "name_en": "Sri Somdet"
  },
  {
    "amp_code": 16,
    "name_th": "คลองหอยโข่ง",
    "name_en": "Khlong Hoi Khog"
  },
  {
    "amp_code": 16,
    "name_th": "แม่ลาว",
    "name_en": "Mae Lao"
  },
  {
    "amp_code": 16,
    "name_th": "บ้านแพรก",
    "name_en": "Ban Phreak"
  },
  {
    "amp_code": 16,
    "name_th": "หัวไทร",
    "name_en": "Hua Sai"
  },
  {
    "amp_code": 16,
    "name_th": "ภูเวียง",
    "name_en": "Phu Wiang"
  },
  {
    "amp_code": 16,
    "name_th": "ฮอด",
    "name_en": "Hot"
  },
  {
    "amp_code": 16,
    "name_th": "ซับใหญ่",
    "name_en": "Sap Yai"
  },
  {
    "amp_code": 16,
    "name_th": "ห้วยแถลง",
    "name_en": "Huai Thalaeng"
  },
  {
    "amp_code": 16,
    "name_th": "รัตนวาปี",
    "name_en": "Rattana Wapi"
  },
  {
    "amp_code": 16,
    "name_th": "วังหิน",
    "name_en": "Wanghin"
  },
  {
    "amp_code": 16,
    "name_th": "เขวาสินรินทร์",
    "name_en": "Khwao Sinrin"
  },
  {
    "amp_code": 17,
    "name_th": "พุนพิน",
    "name_en": "Phun Phin"
  },
  {
    "amp_code": 17,
    "name_th": "ห้วยขวาง",
    "name_en": "Huai Khwang"
  },
  {
    "amp_code": 17,
    "name_th": "ดอนจาน",
    "name_en": "Dokchan"
  },
  {
    "amp_code": 17,
    "name_th": "จังหาร",
    "name_en": "Changhan"
  },
  {
    "amp_code": 17,
    "name_th": "เวียงเชียงรุ้ง",
    "name_en": "Wiang Chiang Rung"
  },
  {
    "amp_code": 17,
    "name_th": "โนนสุวรรณ",
    "name_en": "Non Suwan"
  },
  {
    "amp_code": 17,
    "name_th": "โพธิ์ตาก",
    "name_en": "Pho Tak"
  },
  {
    "amp_code": 17,
    "name_th": "โนนนารายณ์",
    "name_en": "Non Narai"
  },
  {
    "amp_code": 17,
    "name_th": "ดอยเต่า",
    "name_en": "Doi Tao"
  },
  {
    "amp_code": 17,
    "name_th": "ภูสิงห์",
    "name_en": "Phusing"
  },
  {
    "amp_code": 17,
    "name_th": "โพนนาแก้ว",
    "name_en": "Phon Na Kaeo"
  },
  {
    "amp_code": 17,
    "name_th": "บ้านผือ",
    "name_en": "Ban Phu"
  },
  {
    "amp_code": 17,
    "name_th": "มัญจาคีรี",
    "name_en": "Manchakhiri"
  },
  {
    "amp_code": 17,
    "name_th": "ชุมพวง",
    "name_en": "Chum Phuang"
  },
  {
    "amp_code": 17,
    "name_th": "บางขัน",
    "name_en": "Bang Khan"
  },
  {
    "amp_code": 18,
    "name_th": "เมืองจันทร์",
    "name_en": "Mueang Chang"
  },
  {
    "amp_code": 18,
    "name_th": "ชัยบุรี",
    "name_en": "Chai Buri"
  },
  {
    "amp_code": 18,
    "name_th": "ชำนิ",
    "name_en": "Chamni"
  },
  {
    "amp_code": 18,
    "name_th": "คลองสาน",
    "name_en": "Khlong San"
  },
  {
    "amp_code": 18,
    "name_th": "ถ้ำพรรณรา",
    "name_en": "Tham Phanra"
  },
  {
    "amp_code": 18,
    "name_th": "ฆ้องชัย",
    "name_en": "Khong Chai"
  },
  {
    "amp_code": 18,
    "name_th": "อมก๋อย",
    "name_en": "Omkoi"
  },
  {
    "amp_code": 18,
    "name_th": "น้ำโสม",
    "name_en": "Nam Som"
  },
  {
    "amp_code": 18,
    "name_th": "เชียงขวัญ",
    "name_en": "Chiang Khwan"
  },
  {
    "amp_code": 18,
    "name_th": "สูงเนิน",
    "name_en": "Sung Noen"
  },
  {
    "amp_code": 18,
    "name_th": "ภูพาน",
    "name_en": "Phuphan"
  },
  {
    "amp_code": 18,
    "name_th": "ชนบท",
    "name_en": "Chonnabot"
  },
  {
    "amp_code": 18,
    "name_th": "ดอยหลวง",
    "name_en": "Doi Luang"
  },
  {
    "amp_code": 19,
    "name_th": "วิภาวดี",
    "name_en": "Wiphawadi"
  },
  {
    "amp_code": 19,
    "name_th": "เบญจลักษ์",
    "name_en": "Benchalak"
  },
  {
    "amp_code": 19,
    "name_th": "เพ็ญ",
    "name_en": "phen"
  },
  {
    "amp_code": 19,
    "name_th": "บ้านใหม่ไชยพจน์",
    "name_en": "Ban Mai Chaiphot"
  },
  {
    "amp_code": 19,
    "name_th": "พิบูลมังสาหาร",
    "name_en": "Phibunmangsahan"
  },
  {
    "amp_code": 19,
    "name_th": "เขาสวนกวาง",
    "name_en": "Khao Suan Kwang"
  },
  {
    "amp_code": 19,
    "name_th": "สารภี",
    "name_en": "Saraphi"
  },
  {
    "amp_code": 19,
    "name_th": "หนองฮี",
    "name_en": "Nong Hi"
  },
  {
    "amp_code": 19,
    "name_th": "ขามทะเลสอ",
    "name_en": "Kham Thale So"
  },
  {
    "amp_code": 19,
    "name_th": "จุฬาภรณ์",
    "name_en": "Churaphon"
  },
  {
    "amp_code": 19,
    "name_th": "ตลิ่งชัน",
    "name_en": "Taling Chan"
  },
  {
    "amp_code": 20,
    "name_th": "ตาลสุม",
    "name_en": "Tansum"
  },
  {
    "amp_code": 20,
    "name_th": "ภูผาม่าน",
    "name_en": "Phu Phaman"
  },
  {
    "amp_code": 20,
    "name_th": "ทุ่งเขาหลวง",
    "name_en": "Thung Khao Luang"
  },
  {
    "amp_code": 20,
    "name_th": "พยุห์",
    "name_en": "Phayu"
  },
  {
    "amp_code": 20,
    "name_th": "บางกอกน้อย",
    "name_en": "Bangkok Noi"
  },
  {
    "amp_code": 20,
    "name_th": "เวียงแหง",
    "name_en": "Wiang Haeng"
  },
  {
    "amp_code": 20,
    "name_th": "สีคิ้ว",
    "name_en": "Si Khiu"
  },
  {
    "amp_code": 20,
    "name_th": "พระพรหม",
    "name_en": "Phra Phrom"
  },
  {
    "amp_code": 20,
    "name_th": "สร้างคอม",
    "name_en": "Srang Khom"
  },
  {
    "amp_code": 20,
    "name_th": "โนนดินแดง",
    "name_en": "Non Dindaeng"
  },
  {
    "amp_code": 21,
    "name_th": "บางขุนเทียน",
    "name_en": "Bang Khun Thian"
  },
  {
    "amp_code": 21,
    "name_th": "หนองแสง",
    "name_en": "Nong Saeng"
  },
  {
    "amp_code": 21,
    "name_th": "ซำสูง",
    "name_en": "Chamsung"
  },
  {
    "amp_code": 21,
    "name_th": "ไชยปราการ",
    "name_en": "Chai Pakan"
  },
  {
    "amp_code": 21,
    "name_th": "นบพิตำ",
    "name_en": "Nop Phi Tam"
  },
  {
    "amp_code": 21,
    "name_th": "ปากช่อง",
    "name_en": "Pak Chong"
  },
  {
    "amp_code": 21,
    "name_th": "บ้านด่าน",
    "name_en": "Ban Dan"
  },
  {
    "amp_code": 21,
    "name_th": "โพธิ์ไทร",
    "name_en": "Pho Sai"
  },
  {
    "amp_code": 21,
    "name_th": "โพธิ์ศรีสุวรรณ",
    "name_en": "Pho Si Suwan"
  },
  {
    "amp_code": 22,
    "name_th": "ภาษีเจริญ",
    "name_en": "Phasi Charoen"
  },
  {
    "amp_code": 22,
    "name_th": "แม่วาง",
    "name_en": "Mae Wang"
  },
  {
    "amp_code": 22,
    "name_th": "โคกโพธิ์ไชย",
    "name_en": "Khok Pho Chai"
  },
  {
    "amp_code": 22,
    "name_th": "ศิลาลาด",
    "name_en": "Silalad"
  },
  {
    "amp_code": 22,
    "name_th": "ช้างกลาง",
    "name_en": "Chang Klang"
  },
  {
    "amp_code": 22,
    "name_th": "นายูง",
    "name_en": "Na Yung"
  },
  {
    "amp_code": 22,
    "name_th": "แคนดง",
    "name_en": "Khaendong"
  },
  {
    "amp_code": 22,
    "name_th": "หนองบุญมาก",
    "name_en": "Nong Bunmak"
  },
  {
    "amp_code": 22,
    "name_th": "สำโรง",
    "name_en": "Samrong"
  },
  {
    "amp_code": 23,
    "name_th": "แม่ออน",
    "name_en": "Mae On"
  },
  {
    "amp_code": 23,
    "name_th": "เฉลิมพระเกียรติ",
    "name_en": "Chaloem Phra kiat"
  },
  {
    "amp_code": 23,
    "name_th": "พิบูลย์รักษ์",
    "name_en": "Phibun Ruk"
  },
  {
    "amp_code": 23,
    "name_th": "หนองแขม",
    "name_en": "Nong Khaem"
  },
  {
    "amp_code": 23,
    "name_th": "หนองนาคำ",
    "name_en": "Nong Na Kham"
  },
  {
    "amp_code": 23,
    "name_th": "แก้งสนามนาง",
    "name_en": "Khangsanamnang"
  },
  {
    "amp_code": 24,
    "name_th": "บ้านแฮด",
    "name_en": "Ban Haet"
  },
  {
    "amp_code": 24,
    "name_th": "ดอนมดแดง",
    "name_en": "Don Mot Daeng"
  },
  {
    "amp_code": 24,
    "name_th": "ราษฎร์บูรณะ",
    "name_en": "Rat Burana"
  },
  {
    "amp_code": 24,
    "name_th": "โนนแดง",
    "name_en": "Noen Dang"
  },
  {
    "amp_code": 24,
    "name_th": "ดอยหล่อ",
    "name_en": "Doi Lo"
  },
  {
    "amp_code": 24,
    "name_th": "กู่แก้ว",
    "name_en": "Ku Kaeo"
  },
  {
    "amp_code": 25,
    "name_th": "โนนศิลา",
    "name_en": "Non Sila"
  },
  {
    "amp_code": 25,
    "name_th": "บางพลัด",
    "name_en": "Bang Phlat"
  },
  {
    "amp_code": 25,
    "name_th": "ประจักษ์ศิลปาคม",
    "name_en": "Prachaksinlapakhom"
  },
  {
    "amp_code": 25,
    "name_th": "วังน้ำเขียว",
    "name_en": "Wang Nam Khieo"
  },
  {
    "amp_code": 25,
    "name_th": "สิรินธร",
    "name_en": "Sirinthon"
  },
  {
    "amp_code": 25,
    "name_th": "กัลยาณิวัฒนา",
    "name_en": "Kanlaya Ni Watthana"
  },
  {
    "amp_code": 26,
    "name_th": "ทุ่งศรีอุดม",
    "name_en": "Thung Si Udom"
  },
  {
    "amp_code": 26,
    "name_th": "เทพารักษ์",
    "name_en": "Thepharak"
  },
  {
    "amp_code": 26,
    "name_th": "ดินแดง",
    "name_en": "Din Daeng"
  },
  {
    "amp_code": 27,
    "name_th": "เมืองยาง",
    "name_en": "Mueang Yang"
  },
  {
    "amp_code": 27,
    "name_th": "บึงกุ่ม",
    "name_en": "Bueng Kum"
  },
  {
    "amp_code": 28,
    "name_th": "พระทองคำ",
    "name_en": "Prathongkham"
  },
  {
    "amp_code": 28,
    "name_th": "สาทร",
    "name_en": "Sathon"
  },
  {
    "amp_code": 29,
    "name_th": "เวียงเก่า",
    "name_en": "Wiang Kao"
  },
  {
    "amp_code": 29,
    "name_th": "นาเยีย",
    "name_en": "Nayia"
  },
  {
    "amp_code": 29,
    "name_th": "บางซื่อ",
    "name_en": "Bang Sue"
  },
  {
    "amp_code": 29,
    "name_th": "ลำทะเมนชัย",
    "name_en": "Lamtaman Chai"
  },
  {
    "amp_code": 30,
    "name_th": "บัวลาย",
    "name_en": "Bua Lai"
  },
  {
    "amp_code": 30,
    "name_th": "จตุจักร",
    "name_en": "Chatuchak"
  },
  {
    "amp_code": 30,
    "name_th": "นาตาล",
    "name_en": "Natan"
  },
  {
    "amp_code": 31,
    "name_th": "เหล่าเสือโก้ก",
    "name_en": "Lao Sua Kok"
  },
  {
    "amp_code": 31,
    "name_th": "บางคอแหลม",
    "name_en": "Bang Kho Laem"
  },
  {
    "amp_code": 31,
    "name_th": "สีดา",
    "name_en": "Sida"
  },
  {
    "amp_code": 32,
    "name_th": "สว่างวีระวงศ์",
    "name_en": "Sawang Wirawong"
  },
  {
    "amp_code": 32,
    "name_th": "ประเวศ",
    "name_en": "Prawet"
  },
  {
    "amp_code": 32,
    "name_th": "เฉลิมพระเกียรติ",
    "name_en": "Chaloem Phra kiat"
  },
  {
    "amp_code": 33,
    "name_th": "น้ำขุ่น",
    "name_en": "Nam Khun"
  },
  {
    "amp_code": 33,
    "name_th": "คลองเตย",
    "name_en": "Khlong Toei"
  },
  {
    "amp_code": 34,
    "name_th": "สวนหลวง",
    "name_en": "Suan Luang"
  },
  {
    "amp_code": 35,
    "name_th": "จอมทอง",
    "name_en": "Chom Thong"
  },
  {
    "amp_code": 36,
    "name_th": "ดอนเมือง",
    "name_en": "Don Mueang"
  },
  {
    "amp_code": 37,
    "name_th": "ราชเทวี",
    "name_en": "Ratchathewi"
  },
  {
    "amp_code": 38,
    "name_th": "ลาดพร้าว",
    "name_en": "Lat Phrao"
  },
  {
    "amp_code": 39,
    "name_th": "วัฒนา",
    "name_en": "Watthana"
  },
  {
    "amp_code": 40,
    "name_th": "บางแค",
    "name_en": "Bang Khae"
  },
  {
    "amp_code": 41,
    "name_th": "หลักสี่",
    "name_en": "Lak Si"
  },
  {
    "amp_code": 42,
    "name_th": "สายไหม",
    "name_en": "Sai Mai"
  },
  {
    "amp_code": 43,
    "name_th": "คันนายาว",
    "name_en": "Khan Na Yao"
  },
  {
    "amp_code": 44,
    "name_th": "สะพานสูง",
    "name_en": "Saphan Sung"
  },
  {
    "amp_code": 45,
    "name_th": "วังทองหลาง",
    "name_en": "Wang Thonglang"
  },
  {
    "amp_code": 46,
    "name_th": "คลองสามวา",
    "name_en": "Khlong Sam Wa"
  },
  {
    "amp_code": 47,
    "name_th": "บางนา",
    "name_en": "Bang Na"
  },
  {
    "amp_code": 48,
    "name_th": "ทวีวัฒนา",
    "name_en": "Thawi Watthana"
  },
  {
    "amp_code": 49,
    "name_th": "ทุ่งครุ",
    "name_en": "Thung Khru"
  },
  {
    "amp_code": 50,
    "name_th": "บางบอน",
    "name_en": "Bang Bon"
  }
]