[
  {
    "prov_code": 10,
    "name_th": "กรุงเทพมหานคร",
    "name_en": "Bangkok"
  },
  {
    "prov_code": 11,
    "name_th": "สมุทรปราการ",
    "name_en": "Samut Prakarn"
  },
  {
    "prov_code": 12,
    "name_th": "นนทบุรี",
    "name_en": "Nonthaburi"
  },
  {
    "prov_code": 13,
    "name_th": "ปทุมธานี",
    "name_en": "Pathum Thani"
  },
  {
    "prov_code": 14,
    "name_th": "พระนครศรีอยุธยา",
    "name_en": "Phra Nakhon Si Ayudhya"
  },
  {
    "prov_code": 15,
    "name_th": "อ่างทอง",
    "name_en": "Ang Thong"
  },
  {
    "prov_code": 16,
    "name_th": "ลพบุรี",
    "name_en": "Lopburi"
  },
  {
    "prov_code": 17,
    "name_th": "สิงห์บุรี",
    "name_en": "Singburi"
  },
  {
    "prov_code": 18,
    "name_th": "ชัยนาท",
    "name_en": "Chainat"
  },
  {
    "prov_code": 19,
    "name_th": "สระบุรี",
    "name_en": "Saraburi"
  },
  {
    "prov_code": 20,
    "name_th": "ชลบุรี",
    "name_en": "Chonburi"
  },
  {
    "prov_code": 21,
    "name_th": "ระยอง",
    "name_en": "Rayong"
  },
  {
    "prov_code": 22,
    "name_th": "จันทบุรี",
    "name_en": "Chanthaburi"
  },
  {
    "prov_code": 23,
    "name_th": "ตราด",
    "name_en": "Trat"
  },
  {
    "prov_code": 24,
    "name_th": "ฉะเชิงเทรา",
    "name_en": "Chachoengsao"
  },
  {
    "prov_code": 25,
    "name_th": "ปราจีนบุรี",
    "name_en": "Prachinburi"
  },
  {
    "prov_code": 26,
    "name_th": "นครนายก",
    "name_en": "Nakhon Nayok"
  },
  {
    "prov_code": 27,
    "name_th": "สระแก้ว",
    "name_en": "Srakaeo"
  },
  {
    "prov_code": 30,
    "name_th": "นครราชสีมา",
    "name_en": "Nakhon Ratchasima"
  },
  {
    "prov_code": 31,
    "name_th": "บุรีรัมย์",
    "name_en": "Burirum"
  },
  {
    "prov_code": 32,
    "name_th": "สุรินทร์",
    "name_en": "Surin"
  },
  {
    "prov_code": 33,
    "name_th": "ศรีสะเกษ",
    "name_en": "Sisaket"
  },
  {
    "prov_code": 34,
    "name_th": "อุบลราชธานี",
    "name_en": "Ubon Ratchathani"
  },
  {
    "prov_code": 35,
    "name_th": "ยโสธร",
    "name_en": "Yasothon"
  },
  {
    "prov_code": 36,
    "name_th": "ชัยภูมิ",
    "name_en": "Chaiyaphum"
  },
  {
    "prov_code": 37,
    "name_th": "อำนาจเจริญ",
    "name_en": "Amnaj Charoen"
  },
  {
    "prov_code": 38,
    "name_th": "บึงกาฬ",
    "name_en": "Bung Kan"
  },
  {
    "prov_code": 39,
    "name_th": "หนองบัวลำภู",
    "name_en": "Nong Bua Lamphu"
  },
  {
    "prov_code": 40,
    "name_th": "ขอนแก่น",
    "name_en": "Khon Kaen"
  },
  {
    "prov_code": 41,
    "name_th": "อุดรธานี",
    "name_en": "Udon Thani"
  },
  {
    "prov_code": 42,
    "name_th": "เลย",
    "name_en": "Loei"
  },
  {
    "prov_code": 43,
    "name_th": "หนองคาย",
    "name_en": "Nong Khai"
  },
  {
    "prov_code": 44,
    "name_th": "มหาสารคาม",
    "name_en": "Mahasarakham"
  },
  {
    "prov_code": 45,
    "name_th": "ร้อยเอ็ด",
    "name_en": "Roi Et"
  },
  {
    "prov_code": 46,
    "name_th": "กาฬสินธุ์",
    "name_en": "Kalasin"
  },
  {
    "prov_code": 47,
    "name_th": "สกลนคร",
    "name_en": "Sakon Nakhon"
  },
  {
    "prov_code": 48,
    "name_th": "นครพนม",
    "name_en": "Nakhon Phanom"
  },
  {
    "prov_code": 49,
    "name_th": "มุกดาหาร",
    "name_en": "Mukdahan"
  },
  {
    "prov_code": 50,
    "name_th": "เชียงใหม่",
    "name_en": "Chiang Mai"
  },
  {
    "prov_code": 51,
    "name_th": "ลำพูน",
    "name_en": "Lamphun"
  },
  {
    "prov_code": 52,
    "name_th": "ลำปาง",
    "name_en": "Lampang"
  },
  {
    "prov_code": 53,
    "name_th": "อุตรดิตถ์",
    "name_en": "Uttaradit"
  },
  {
    "prov_code": 54,
    "name_th": "แพร่",
    "name_en": "Phrae"
  },
  {
    "prov_code": 55,
    "name_th": "น่าน",
    "name_en": "Nan"
  },
  {
    "prov_code": 56,
    "name_th": "พะเยา",
    "name_en": "Phayao"
  },
  {
    "prov_code": 57,
    "name_th": "เชียงราย",
    "name_en": "Chiangrai"
  },
  {
    "prov_code": 58,
    "name_th": "แม่ฮ่องสอน",
    "name_en": "Mae Hong Son"
  },
  {
    "prov_code": 60,
    "name_th": "นครสวรรค์",
    "name_en": "Nakhon Sawan"
  },
  {
    "prov_code": 61,
    "name_th": "อุทัยธานี",
    "name_en": "Uthai Thani"
  },
  {
    "prov_code": 62,
    "name_th": "กำแพงเพชร",
    "name_en": "Kampaeng Phet"
  },
  {
    "prov_code": 63,
    "name_th": "ตาก",
    "name_en": "Tak"
  },
  {
    "prov_code": 64,
    "name_th": "สุโขทัย",
    "name_en": "Sukhothai"
  },
  {
    "prov_code": 65,
    "name_th": "พิษณุโลก",
    "name_en": "Phitsanu Lok"
  },
  {
    "prov_code": 66,
    "name_th": "พิจิตร",
    "name_en": "Phichit"
  },
  {
    "prov_code": 67,
    "name_th": "เพชรบูรณ์",
    "name_en": "Phetchabun"
  },
  {
    "prov_code": 70,
    "name_th": "ราชบุรี",
    "name_en": "Ratchaburi"
  },
  {
    "prov_code": 71,
    "name_th": "กาญจนบุรี",
    "name_en": "Kanchanaburi"
  },
  {
    "prov_code": 72,
    "name_th": "สุพรรณบุรี",
    "name_en": "Suphan Buri"
  },
  {
    "prov_code": 73,
    "name_th": "นครปฐม",
    "name_en": "Nakhon Prathom"
  },
  {
    "prov_code": 74,
    "name_th": "สมุทรสาคร",
    "name_en": "Samut Sakhon"
  },
  {
    "prov_code": 75,
    "name_th": "สมุทรสงคราม",
    "name_en": "Samut Songkham"
  },
  {
    "prov_code": 76,
    "name_th": "เพชรบุรี",
    "name_en": "Phetchaburi"
  },
  {
    "prov_code": 77,
    "name_th": "ประจวบคีรีขันธ์",
    "name_en": "Prachuap Khilikhan"
  },
  {
    "prov_code": 80,
    "name_th": "นครศรีธรรมราช",
    "name_en": "Nakhon Si Thammarat"
  },
  {
    "prov_code": 81,
    "name_th": "กระบี่",
    "name_en": "Krabi"
  },
  {
    "prov_code": 82,
    "name_th": "พังงา",
    "name_en": "Phang Nga"
  },
  {
    "prov_code": 83,
    "name_th": "ภูเก็ต",
    "name_en": "Phuket"
  },
  {
    "prov_code": 84,
    "name_th": "สุราษฎร์ธานี",
    "name_en": "Surat Thani"
  },
  {
    "prov_code": 85,
    "name_th": "ระนอง",
    "name_en": "Ranong"
  },
  {
    "prov_code": 86,
    "name_th": "ชุมพร",
    "name_en": "Chumphon"
  },
  {
    "prov_code": 90,
    "name_th": "สงขลา",
    "name_en": "Songkhla"
  },
  {
    "prov_code": 91,
    "name_th": "สตูล",
    "name_en": "Satun"
  },
  {
    "prov_code": 92,
    "name_th": "ตรัง",
    "name_en": "Trang"
  },
  {
    "prov_code": 93,
    "name_th": "พัทลุง",
    "name_en": "Phatthalung"
  },
  {
    "prov_code": 94,
    "name_th": "ปัตตานี",
    "name_en": "Pattani"
  },
  {
    "prov_code": 95,
    "name_th": "ยะลา",
    "name_en": "Yala"
  },
  {
    "prov_code": 96,
    "name_th": "นราธิวาส",
    "name_en": "Narathiwat"
  }
]